{
  "type": "FeatureCollection",
  "generator": "overpass-turbo",
  "copyright": "The data included in this document is from www.openstreetmap.org. The data is made available under ODbL.",
  "timestamp": "2026-07-12T04:37:04Z",
  "features": [
    {
      "type": "Feature",
      "properties": {
        "@id": "relation/8460901",
        "natural": "water",
        "tidal": "no",
        "type": "multipolygon",
        "water": "river"
      },
      "geometry": {
        "type": "Polygon",
        "coordinates": [
          [
            [
              73.0048972,
              19.2203346
            ],
            [
              73.0061264,
              19.2198595
            ],
            [
              73.0067416,
              19.2195082
            ],
            [
              73.0073852,
              19.2191387
            ],
            [
              73.0080374,
              19.2184887
            ],
            [
              73.0082819,
              19.218094
            ],
            [
              73.0086345,
              19.2178337
            ],
            [
              73.0089298,
              19.2178998
            ],
            [
              73.0091837,
              19.2178958
            ],
            [
              73.0101991,
              19.2170301
            ],
            [
              73.01053,
              19.2168346
            ],
            [
              73.0109155,
              19.216259
            ],
            [
              73.0117082,
              19.2154147
            ],
            [
              73.0118939,
              19.2153513
            ],
            [
              73.0121001,
              19.2152496
            ],
            [
              73.0122507,
              19.2151436
            ],
            [
              73.012366,
              19.2150068
            ],
            [
              73.0124572,
              19.214827
            ],
            [
              73.0124944,
              19.2146196
            ],
            [
              73.0124491,
              19.2145002
            ],
            [
              73.0129444,
              19.2141042
            ],
            [
              73.013168,
              19.2141634
            ],
            [
              73.0133584,
              19.2141406
            ],
            [
              73.0144352,
              19.2136049
            ],
            [
              73.0151501,
              19.2130059
            ],
            [
              73.01576,
              19.2126142
            ],
            [
              73.0165336,
              19.2117042
            ],
            [
              73.0166739,
              19.211537
            ],
            [
              73.017379,
              19.2109492
            ],
            [
              73.0176151,
              19.2104427
            ],
            [
              73.0177787,
              19.2103616
            ],
            [
              73.0179262,
              19.21024
            ],
            [
              73.0179825,
              19.2100222
            ],
            [
              73.0179048,
              19.2098652
            ],
            [
              73.0181816,
              19.2091971
            ],
            [
              73.0192539,
              19.2066332
            ],
            [
              73.0193887,
              19.2065974
            ],
            [
              73.019506,
              19.2065116
            ],
            [
              73.019616,
              19.2063216
            ],
            [
              73.0197072,
              19.2061013
            ],
            [
              73.0197501,
              19.2059316
            ],
            [
              73.019704,
              19.2056639
            ],
            [
              73.0197506,
              19.2055736
            ],
            [
              73.0203519,
              19.204855
            ],
            [
              73.0206245,
              19.2040597
            ],
            [
              73.0207908,
              19.2038115
            ],
            [
              73.0207211,
              19.2037051
            ],
            [
              73.0211019,
              19.2036393
            ],
            [
              73.0214024,
              19.2031681
            ],
            [
              73.021692,
              19.202925
            ],
            [
              73.0220193,
              19.2024893
            ],
            [
              73.0221587,
              19.2024437
            ],
            [
              73.0222875,
              19.2022107
            ],
            [
              73.0220675,
              19.2020638
            ],
            [
              73.022325,
              19.2019574
            ],
            [
              73.022604,
              19.2015926
            ],
            [
              73.0227703,
              19.2013292
            ],
            [
              73.0229044,
              19.2009999
            ],
            [
              73.023119,
              19.2009138
            ],
            [
              73.0232102,
              19.2007314
            ],
            [
              73.023178,
              19.200544
            ],
            [
              73.0234516,
              19.2004325
            ],
            [
              73.023532,
              19.2002501
            ],
            [
              73.023591,
              19.2000931
            ],
            [
              73.0238056,
              19.1998297
            ],
            [
              73.0237627,
              19.1995966
            ],
            [
              73.0238968,
              19.1993686
            ],
            [
              73.0242026,
              19.1991508
            ],
            [
              73.0242777,
              19.1990495
            ],
            [
              73.0243407,
              19.1988951
            ],
            [
              73.0244654,
              19.1985935
            ],
            [
              73.0245137,
              19.1981173
            ],
            [
              73.0248141,
              19.1980413
            ],
            [
              73.0253598,
              19.1980277
            ],
            [
              73.0260909,
              19.1975347
            ],
            [
              73.0263323,
              19.1975246
            ],
            [
              73.0270213,
              19.1972162
            ],
            [
              73.0277731,
              19.1968498
            ],
            [
              73.0282071,
              19.1965924
            ],
            [
              73.0283216,
              19.1965602
            ],
            [
              73.0286888,
              19.1964836
            ],
            [
              73.0288455,
              19.1964632
            ],
            [
              73.0291405,
              19.1963214
            ],
            [
              73.0293001,
              19.1962375
            ],
            [
              73.0295268,
              19.1961821
            ],
            [
              73.0310315,
              19.1961567
            ],
            [
              73.0321231,
              19.1960149
            ],
            [
              73.0324745,
              19.195982
            ],
            [
              73.0334857,
              19.1960301
            ],
            [
              73.0344513,
              19.1960149
            ],
            [
              73.0349448,
              19.1959845
            ],
            [
              73.0353498,
              19.1960883
            ],
            [
              73.0354813,
              19.196139
            ],
            [
              73.0368921,
              19.196481
            ],
            [
              73.0379489,
              19.1967571
            ],
            [
              73.0386838,
              19.1968229
            ],
            [
              73.0391291,
              19.1969243
            ],
            [
              73.0400598,
              19.197246
            ],
            [
              73.0420017,
              19.1978134
            ],
            [
              73.0438256,
              19.1983706
            ],
            [
              73.0476344,
              19.1994649
            ],
            [
              73.049587,
              19.2000222
            ],
            [
              73.0508101,
              19.2002248
            ],
            [
              73.0531597,
              19.2006301
            ],
            [
              73.0548305,
              19.2006882
            ],
            [
              73.0569669,
              19.2008053
            ],
            [
              73.0577418,
              19.2009983
            ],
            [
              73.058125,
              19.2008616
            ],
            [
              73.0583975,
              19.2006525
            ],
            [
              73.0593172,
              19.2005802
            ],
            [
              73.0599218,
              19.2003791
            ],
            [
              73.0605179,
              19.2002344
            ],
            [
              73.0611225,
              19.2004515
            ],
            [
              73.0618974,
              19.2008134
            ],
            [
              73.0623239,
              19.2014028
            ],
            [
              73.0622125,
              19.2016256
            ],
            [
              73.0620847,
              19.2016819
            ],
            [
              73.0616334,
              19.2016015
            ],
            [
              73.0615397,
              19.2016658
            ],
            [
              73.0615142,
              19.2017704
            ],
            [
              73.061693,
              19.2019553
            ],
            [
              73.0628426,
              19.2026067
            ],
            [
              73.0638645,
              19.2033063
            ],
            [
              73.0649127,
              19.2042127
            ],
            [
              73.0653736,
              19.2042895
            ],
            [
              73.0665885,
              19.2041821
            ],
            [
              73.0667268,
              19.2041663
            ],
            [
              73.0668329,
              19.2041545
            ],
            [
              73.0669182,
              19.2041269
            ],
            [
              73.0669669,
              19.2040708
            ],
            [
              73.0669958,
              19.2040013
            ],
            [
              73.0675995,
              19.2038968
            ],
            [
              73.0679018,
              19.2040592
            ],
            [
              73.0678618,
              19.204123
            ],
            [
              73.0687539,
              19.2047448
            ],
            [
              73.0693196,
              19.2051597
            ],
            [
              73.0708034,
              19.2062396
            ],
            [
              73.0709747,
              19.2064825
            ],
            [
              73.0709031,
              19.2064707
            ],
            [
              73.0706955,
              19.2064367
            ],
            [
              73.070285,
              19.2061775
            ],
            [
              73.0700408,
              19.2060577
            ],
            [
              73.0703044,
              19.2066585
            ],
            [
              73.070358,
              19.2075299
            ],
            [
              73.0702829,
              19.2080364
            ],
            [
              73.0697358,
              19.208158
            ],
            [
              73.0693281,
              19.2086342
            ],
            [
              73.0691564,
              19.2087355
            ],
            [
              73.0688667,
              19.2086443
            ],
            [
              73.0685127,
              19.2085734
            ],
            [
              73.068105,
              19.2082796
            ],
            [
              73.0675149,
              19.2080466
            ],
            [
              73.0671179,
              19.2074995
            ],
            [
              73.0668296,
              19.2075553
            ],
            [
              73.0672687,
              19.2085457
            ],
            [
              73.0674181,
              19.2087259
            ],
            [
              73.0675907,
              19.2088878
            ],
            [
              73.0676624,
              19.2092008
            ],
            [
              73.0681392,
              19.210616
            ],
            [
              73.068531,
              19.212176
            ],
            [
              73.0689056,
              19.2144597
            ],
            [
              73.0689246,
              19.2167434
            ],
            [
              73.0690966,
              19.2177953
            ],
            [
              73.0691776,
              19.2182907
            ],
            [
              73.0690399,
              19.2195719
            ],
            [
              73.0688735,
              19.2211195
            ],
            [
              73.0687702,
              19.222296
            ],
            [
              73.0686414,
              19.222843
            ],
            [
              73.068738,
              19.2229494
            ],
            [
              73.0688453,
              19.2228886
            ],
            [
              73.0689633,
              19.2226607
            ],
            [
              73.0690974,
              19.2225087
            ],
            [
              73.0693549,
              19.2225594
            ],
            [
              73.0692476,
              19.2228329
            ],
            [
              73.0691832,
              19.2230406
            ],
            [
              73.069194,
              19.2232381
            ],
            [
              73.0693012,
              19.2233242
            ],
            [
              73.0693066,
              19.2236282
            ],
            [
              73.0692369,
              19.2236687
            ],
            [
              73.0690223,
              19.2236586
            ],
            [
              73.0689955,
              19.2234053
            ],
            [
              73.0688989,
              19.2232837
            ],
            [
              73.0687165,
              19.2232584
            ],
            [
              73.0685663,
              19.2234053
            ],
            [
              73.0680019,
              19.2247992
            ],
            [
              73.0677323,
              19.2259991
            ],
            [
              73.0678666,
              19.2286359
            ],
            [
              73.0678737,
              19.228776
            ],
            [
              73.0684881,
              19.2308987
            ],
            [
              73.0692891,
              19.2319369
            ],
            [
              73.0695541,
              19.2324546
            ],
            [
              73.0703581,
              19.2332355
            ],
            [
              73.0709631,
              19.2338678
            ],
            [
              73.0718355,
              19.234409
            ],
            [
              73.0723715,
              19.2349297
            ],
            [
              73.0732977,
              19.2355129
            ],
            [
              73.0743105,
              19.2363233
            ],
            [
              73.0747913,
              19.236629
            ],
            [
              73.0752289,
              19.2369878
            ],
            [
              73.0756682,
              19.2373044
            ],
            [
              73.0734007,
              19.2403995
            ],
            [
              73.0722677,
              19.2396863
            ],
            [
              73.0712409,
              19.2389087
            ],
            [
              73.0707914,
              19.2381709
            ],
            [
              73.070175,
              19.2373527
            ],
            [
              73.0697529,
              19.2368338
            ],
            [
              73.0693151,
              19.2364854
            ],
            [
              73.068835,
              19.2360514
            ],
            [
              73.0685169,
              19.2355291
            ],
            [
              73.0677959,
              19.234816
            ],
            [
              73.0669295,
              19.2340725
            ],
            [
              73.0663535,
              19.2334828
            ],
            [
              73.0656244,
              19.2325306
            ],
            [
              73.0652811,
              19.2317202
            ],
            [
              73.0650408,
              19.2305613
            ],
            [
              73.0649952,
              19.2282873
            ],
            [
              73.0652693,
              19.2280327
            ],
            [
              73.0655492,
              19.2272633
            ],
            [
              73.0656004,
              19.2228872
            ],
            [
              73.0656673,
              19.2211441
            ],
            [
              73.0656458,
              19.2190259
            ],
            [
              73.0654109,
              19.2159339
            ],
            [
              73.0651459,
              19.2154162
            ],
            [
              73.0651489,
              19.2151588
            ],
            [
              73.0651519,
              19.2149014
            ],
            [
              73.0648869,
              19.2143837
            ],
            [
              73.0643751,
              19.2118039
            ],
            [
              73.064013,
              19.2087991
            ],
            [
              73.0630947,
              19.2071717
            ],
            [
              73.0621553,
              19.2060423
            ],
            [
              73.0610827,
              19.2052436
            ],
            [
              73.0603568,
              19.2047886
            ],
            [
              73.0591778,
              19.204411
            ],
            [
              73.0578259,
              19.2041392
            ],
            [
              73.0564988,
              19.2040289
            ],
            [
              73.0554174,
              19.2039013
            ],
            [
              73.0515784,
              19.2037225
            ],
            [
              73.0508215,
              19.2035694
            ],
            [
              73.0499969,
              19.2034162
            ],
            [
              73.0492399,
              19.2031992
            ],
            [
              73.0486256,
              19.2030116
            ],
            [
              73.0481386,
              19.2031529
            ],
            [
              73.0476665,
              19.2031225
            ],
            [
              73.0472803,
              19.2028895
            ],
            [
              73.0465186,
              19.2026869
            ],
            [
              73.0452418,
              19.2024944
            ],
            [
              73.044405,
              19.202464
            ],
            [
              73.0427635,
              19.2020891
            ],
            [
              73.0422163,
              19.201927
            ],
            [
              73.0413043,
              19.2015014
            ],
            [
              73.0403924,
              19.2011975
            ],
            [
              73.0398345,
              19.2009644
            ],
            [
              73.0395341,
              19.2010354
            ],
            [
              73.0392873,
              19.2012887
            ],
            [
              73.0393088,
              19.2016534
            ],
            [
              73.0392766,
              19.202008
            ],
            [
              73.03918,
              19.202312
            ],
            [
              73.0387401,
              19.2024538
            ],
            [
              73.0378389,
              19.2024842
            ],
            [
              73.0374797,
              19.2023503
            ],
            [
              73.0372161,
              19.2021013
            ],
            [
              73.03689,
              19.201885
            ],
            [
              73.0362168,
              19.2013885
            ],
            [
              73.0358273,
              19.2011316
            ],
            [
              73.0354464,
              19.2011367
            ],
            [
              73.0350633,
              19.20109
            ],
            [
              73.0349475,
              19.2010759
            ],
            [
              73.0343574,
              19.2012228
            ],
            [
              73.0334642,
              19.2018198
            ],
            [
              73.0329951,
              19.2023061
            ],
            [
              73.0325016,
              19.2029685
            ],
            [
              73.0320896,
              19.203479
            ],
            [
              73.031348,
              19.2039483
            ],
            [
              73.0308652,
              19.204308
            ],
            [
              73.0304485,
              19.2047485
            ],
            [
              73.0296907,
              19.205224
            ],
            [
              73.0290735,
              19.2056707
            ],
            [
              73.0283868,
              19.2061317
            ],
            [
              73.0278526,
              19.2065228
            ],
            [
              73.0274404,
              19.2070333
            ],
            [
              73.0270042,
              19.2073557
            ],
            [
              73.0266608,
              19.2077124
            ],
            [
              73.0262083,
              19.2080498
            ],
            [
              73.0251121,
              19.2090677
            ],
            [
              73.024832,
              19.2098371
            ],
            [
              73.0241889,
              19.2107599
            ],
            [
              73.0238076,
              19.2112231
            ],
            [
              73.0234557,
              19.2116243
            ],
            [
              73.0233904,
              19.2122484
            ],
            [
              73.0232243,
              19.2125499
            ],
            [
              73.0229902,
              19.2126344
            ],
            [
              73.0227688,
              19.2128635
            ],
            [
              73.0224707,
              19.21335
            ],
            [
              73.0219811,
              19.2140536
            ],
            [
              73.0218278,
              19.2149181
            ],
            [
              73.0215979,
              19.2152357
            ],
            [
              73.0212487,
              19.2154649
            ],
            [
              73.0210784,
              19.2156096
            ],
            [
              73.0209975,
              19.2154689
            ],
            [
              73.0209039,
              19.215489
            ],
            [
              73.020857,
              19.2156176
            ],
            [
              73.0207974,
              19.2157704
            ],
            [
              73.020691,
              19.2159915
            ],
            [
              73.0206441,
              19.2166027
            ],
            [
              73.0205931,
              19.2167595
            ],
            [
              73.020427,
              19.2168077
            ],
            [
              73.0203333,
              19.2167474
            ],
            [
              73.0202993,
              19.2165303
            ],
            [
              73.020163,
              19.216474
            ],
            [
              73.0199544,
              19.2164177
            ],
            [
              73.0197287,
              19.2165544
            ],
            [
              73.0195116,
              19.2166992
            ],
            [
              73.0194638,
              19.2168585
            ],
            [
              73.0195073,
              19.2171213
            ],
            [
              73.019452,
              19.21725
            ],
            [
              73.0192944,
              19.2172098
            ],
            [
              73.0190347,
              19.2171937
            ],
            [
              73.0186728,
              19.2174751
            ],
            [
              73.01866,
              19.2175716
            ],
            [
              73.0187963,
              19.217648
            ],
            [
              73.0191028,
              19.2176158
            ],
            [
              73.0193626,
              19.2178651
            ],
            [
              73.0195201,
              19.2178852
            ],
            [
              73.019733,
              19.2179254
            ],
            [
              73.0197926,
              19.2180862
            ],
            [
              73.0198565,
              19.2184079
            ],
            [
              73.0198224,
              19.2185848
            ],
            [
              73.0196095,
              19.2187013
            ],
            [
              73.0193711,
              19.2187013
            ],
            [
              73.019188,
              19.2185807
            ],
            [
              73.0190177,
              19.2184159
            ],
            [
              73.0188772,
              19.2182712
            ],
            [
              73.0187282,
              19.2182229
            ],
            [
              73.0186004,
              19.2182712
            ],
            [
              73.0185493,
              19.2184038
            ],
            [
              73.0186643,
              19.2185365
            ],
            [
              73.0187835,
              19.2185727
            ],
            [
              73.019039,
              19.2187938
            ],
            [
              73.0191625,
              19.2190793
            ],
            [
              73.0191326,
              19.2194371
            ],
            [
              73.0188048,
              19.21961
            ],
            [
              73.0185153,
              19.2197105
            ],
            [
              73.0182258,
              19.2195456
            ],
            [
              73.0179192,
              19.2192361
            ],
            [
              73.0176808,
              19.2189828
            ],
            [
              73.0177233,
              19.2187858
            ],
            [
              73.018081,
              19.2182953
            ],
            [
              73.0182258,
              19.2179053
            ],
            [
              73.0181832,
              19.2177204
            ],
            [
              73.0180342,
              19.2177204
            ],
            [
              73.0177531,
              19.2179174
            ],
            [
              73.0170066,
              19.2183765
            ],
            [
              73.0166376,
              19.2186531
            ],
            [
              73.0165227,
              19.2187938
            ],
            [
              73.0163907,
              19.2188179
            ],
            [
              73.0162374,
              19.2189707
            ],
            [
              73.0161565,
              19.219216
            ],
            [
              73.0160075,
              19.2194652
            ],
            [
              73.0157648,
              19.2198271
            ],
            [
              73.0154454,
              19.2201326
            ],
            [
              73.0148281,
              19.2203015
            ],
            [
              73.0137224,
              19.2210447
            ],
            [
              73.0134273,
              19.2213106
            ],
            [
              73.0131037,
              19.2215478
            ],
            [
              73.0130739,
              19.221777
            ],
            [
              73.0130909,
              19.2219338
            ],
            [
              73.0129462,
              19.2219539
            ],
            [
              73.0127886,
              19.2218453
            ],
            [
              73.0125885,
              19.221982
            ],
            [
              73.0126566,
              19.2221066
            ],
            [
              73.0127418,
              19.2222715
            ],
            [
              73.012729,
              19.2224886
            ],
            [
              73.0126396,
              19.2228303
            ],
            [
              73.0126694,
              19.2230595
            ],
            [
              73.0126481,
              19.2232283
            ],
            [
              73.0124906,
              19.2233529
            ],
            [
              73.012333,
              19.2234454
            ],
            [
              73.0123075,
              19.2236022
            ],
            [
              73.0124523,
              19.2238555
            ],
            [
              73.012614,
              19.2241168
            ],
            [
              73.0126055,
              19.2243781
            ],
            [
              73.0125289,
              19.2245711
            ],
            [
              73.0123543,
              19.2246636
            ],
            [
              73.0121755,
              19.2246837
            ],
            [
              73.0118945,
              19.2247319
            ],
            [
              73.0118604,
              19.2248324
            ],
            [
              73.0116986,
              19.224953
            ],
            [
              73.0115539,
              19.2249209
            ],
            [
              73.0114517,
              19.2248163
            ],
            [
              73.0112345,
              19.2247681
            ],
            [
              73.010945,
              19.2245791
            ],
            [
              73.0105823,
              19.2246716
            ],
            [
              73.0103517,
              19.2248185
            ],
            [
              73.0100435,
              19.224932
            ],
            [
              73.0098474,
              19.2249375
            ],
            [
              73.0097267,
              19.2248793
            ],
            [
              73.0096409,
              19.2247653
            ],
            [
              73.009523,
              19.2247528
            ],
            [
              73.0090803,
              19.2252085
            ],
            [
              73.0090213,
              19.2253807
            ],
            [
              73.0091473,
              19.2258999
            ],
            [
              73.0091202,
              19.2260092
            ],
            [
              73.008348,
              19.2261988
            ],
            [
              73.0078747,
              19.2269559
            ],
            [
              73.0075139,
              19.2272878
            ],
            [
              73.0071411,
              19.2275917
            ],
            [
              73.0069721,
              19.227926
            ],
            [
              73.0064383,
              19.228159
            ],
            [
              73.0062908,
              19.2283971
            ],
            [
              73.006146,
              19.2284604
            ],
            [
              73.0060494,
              19.2285566
            ],
            [
              73.0056336,
              19.2292227
            ],
            [
              73.0052742,
              19.2297419
            ],
            [
              73.0050087,
              19.2303775
            ],
            [
              73.0048934,
              19.2310588
            ],
            [
              73.0043571,
              19.2339942
            ],
            [
              73.0042523,
              19.234974
            ],
            [
              73.0040994,
              19.2356882
            ],
            [
              73.0042121,
              19.2361314
            ],
            [
              73.0042899,
              19.2365594
            ],
            [
              73.0044548,
              19.2371988
            ],
            [
              73.0044347,
              19.2373102
            ],
            [
              73.0044669,
              19.2390361
            ],
            [
              73.0046117,
              19.2410215
            ],
            [
              73.0045903,
              19.2418015
            ],
            [
              73.0045205,
              19.2426827
            ],
            [
              73.0041879,
              19.2444452
            ],
            [
              73.0040806,
              19.2447896
            ],
            [
              73.0039251,
              19.2455037
            ],
            [
              73.0037941,
              19.2462223
            ],
            [
              73.0036724,
              19.2462177
            ],
            [
              73.0036532,
              19.2463101
            ],
            [
              73.0037394,
              19.2463841
            ],
            [
              73.0035335,
              19.2474992
            ],
            [
              73.0035085,
              19.2475846
            ],
            [
              73.0033511,
              19.2481221
            ],
            [
              73.0030413,
              19.2490536
            ],
            [
              73.0027395,
              19.2497782
            ],
            [
              73.002525,
              19.2506392
            ],
            [
              73.0023909,
              19.2515204
            ],
            [
              73.0022353,
              19.253293
            ],
            [
              73.0023479,
              19.2549693
            ],
            [
              73.0021709,
              19.2570608
            ],
            [
              73.00179,
              19.2587725
            ],
            [
              73.0015583,
              19.2595926
            ],
            [
              73.0008298,
              19.2613401
            ],
            [
              73.0004168,
              19.2619224
            ],
            [
              72.9996818,
              19.2631378
            ],
            [
              72.9989576,
              19.2639633
            ],
            [
              72.9984534,
              19.2644089
            ],
            [
              72.997834,
              19.2649581
            ],
            [
              72.9968923,
              19.2652242
            ],
            [
              72.996034,
              19.2653609
            ],
            [
              72.9948968,
              19.2655888
            ],
            [
              72.9941472,
              19.2655275
            ],
            [
              72.9937837,
              19.2657306
            ],
            [
              72.9934859,
              19.2660091
            ],
            [
              72.993274,
              19.2664801
            ],
            [
              72.9931319,
              19.2686171
            ],
            [
              72.9931319,
              19.2687842
            ],
            [
              72.9930675,
              19.2696653
            ],
            [
              72.9932177,
              19.2731087
            ],
            [
              72.9926938,
              19.2751995
            ],
            [
              72.9925847,
              19.275914
            ],
            [
              72.9921328,
              19.2767379
            ],
            [
              72.9917693,
              19.2777268
            ],
            [
              72.9917908,
              19.2789522
            ],
            [
              72.9918551,
              19.2791598
            ],
            [
              72.9918101,
              19.2796575
            ],
            [
              72.9917426,
              19.2801636
            ],
            [
              72.9916023,
              19.2804417
            ],
            [
              72.9914648,
              19.2807144
            ],
            [
              72.9910076,
              19.2816207
            ],
            [
              72.9885292,
              19.2870284
            ],
            [
              72.9879247,
              19.2880743
            ],
            [
              72.9862939,
              19.2897958
            ],
            [
              72.9849635,
              19.2910515
            ],
            [
              72.9833901,
              19.2922638
            ],
            [
              72.9817164,
              19.2931955
            ],
            [
              72.9811156,
              19.2933575
            ],
            [
              72.9804574,
              19.2934818
            ],
            [
              72.9801611,
              19.293963
            ],
            [
              72.9800332,
              19.2940658
            ],
            [
              72.9798544,
              19.2942095
            ],
            [
              72.978251,
              19.2941119
            ],
            [
              72.9774892,
              19.2939296
            ],
            [
              72.9769957,
              19.2941878
            ],
            [
              72.9766899,
              19.294117
            ],
            [
              72.9762232,
              19.2946233
            ],
            [
              72.975369,
              19.2950009
            ],
            [
              72.9746461,
              19.2956055
            ],
            [
              72.974056,
              19.2963042
            ],
            [
              72.9737502,
              19.2966536
            ],
            [
              72.9728866,
              19.2975497
            ],
            [
              72.971288,
              19.29958
            ],
            [
              72.9712792,
              19.2996382
            ],
            [
              72.9713543,
              19.299704
            ],
            [
              72.9713309,
              19.2997521
            ],
            [
              72.9712182,
              19.2998888
            ],
            [
              72.9709876,
              19.3000508
            ],
            [
              72.9707569,
              19.300147
            ],
            [
              72.9707086,
              19.3003394
            ],
            [
              72.9704779,
              19.3006229
            ],
            [
              72.9703224,
              19.30079
            ],
            [
              72.9701668,
              19.3007596
            ],
            [
              72.9698288,
              19.3010533
            ],
            [
              72.9686594,
              19.3018482
            ],
            [
              72.9674149,
              19.3028962
            ],
            [
              72.9653442,
              19.3037417
            ],
            [
              72.9634935,
              19.3043391
            ],
            [
              72.9625171,
              19.3045656
            ],
            [
              72.962501,
              19.3049036
            ],
            [
              72.9623213,
              19.3049327
            ],
            [
              72.9622167,
              19.3047239
            ],
            [
              72.9620343,
              19.3046732
            ],
            [
              72.9606771,
              19.3047542
            ],
            [
              72.9594648,
              19.3047796
            ],
            [
              72.9586011,
              19.3047694
            ],
            [
              72.9579681,
              19.304739
            ],
            [
              72.9572332,
              19.3046226
            ],
            [
              72.9566485,
              19.3045517
            ],
            [
              72.9562139,
              19.3045062
            ],
            [
              72.9554897,
              19.3045568
            ],
            [
              72.9552886,
              19.3043517
            ],
            [
              72.9551196,
              19.3042505
            ],
            [
              72.9547387,
              19.3041138
            ],
            [
              72.9519573,
              19.3032936
            ],
            [
              72.9505384,
              19.3028709
            ],
            [
              72.9499322,
              19.3027975
            ],
            [
              72.949672,
              19.3027519
            ],
            [
              72.9494065,
              19.3026329
            ],
            [
              72.9491919,
              19.3025823
            ],
            [
              72.9490739,
              19.3025722
            ],
            [
              72.9489847,
              19.3026614
            ],
            [
              72.9488654,
              19.3026948
            ],
            [
              72.9487567,
              19.3026753
            ],
            [
              72.9487232,
              19.3026075
            ],
            [
              72.9487615,
              19.3024664
            ],
            [
              72.9485818,
              19.3023702
            ],
            [
              72.9477704,
              19.3018887
            ],
            [
              72.9466318,
              19.3012715
            ],
            [
              72.9457735,
              19.3007146
            ],
            [
              72.9448186,
              19.3001172
            ],
            [
              72.9439402,
              19.2996306
            ],
            [
              72.9433715,
              19.2992357
            ],
            [
              72.9427278,
              19.2986788
            ],
            [
              72.942072,
              19.2982439
            ],
            [
              72.9409884,
              19.2971503
            ],
            [
              72.9398122,
              19.2958156
            ],
            [
              72.9384698,
              19.2941549
            ],
            [
              72.9378448,
              19.292779
            ],
            [
              72.9376504,
              19.2920803
            ],
            [
              72.937649,
              19.2918031
            ],
            [
              72.9377858,
              19.2915525
            ],
            [
              72.9379535,
              19.2913322
            ],
            [
              72.9378771,
              19.2911657
            ],
            [
              72.9377268,
              19.2910841
            ],
            [
              72.937586,
              19.2904879
            ],
            [
              72.9373594,
              19.2900854
            ],
            [
              72.9372628,
              19.2895094
            ],
            [
              72.9372119,
              19.2893277
            ],
            [
              72.9370563,
              19.2893176
            ],
            [
              72.9363697,
              19.2895049
            ],
            [
              72.9354684,
              19.2896113
            ],
            [
              72.9345672,
              19.2894999
            ],
            [
              72.9338162,
              19.2892771
            ],
            [
              72.9333132,
              19.2891069
            ],
            [
              72.9331577,
              19.2891095
            ],
            [
              72.9329431,
              19.2892664
            ],
            [
              72.9324871,
              19.2895803
            ],
            [
              72.931999,
              19.2899753
            ],
            [
              72.9316717,
              19.2902487
            ],
            [
              72.9313697,
              19.2904763
            ],
            [
              72.9309797,
              19.2906841
            ],
            [
              72.9306096,
              19.2908461
            ],
            [
              72.9302515,
              19.2909385
            ],
            [
              72.9293945,
              19.2912056
            ],
            [
              72.9289875,
              19.2912588
            ],
            [
              72.9286516,
              19.2913221
            ],
            [
              72.9283415,
              19.2913609
            ],
            [
              72.9281261,
              19.2913863
            ],
            [
              72.9268008,
              19.2917271
            ],
            [
              72.9255027,
              19.291636
            ],
            [
              72.9218066,
              19.2916664
            ],
            [
              72.9213667,
              19.2914284
            ],
            [
              72.9201758,
              19.2913069
            ],
            [
              72.9193818,
              19.2912664
            ],
            [
              72.9183482,
              19.2911006
            ],
            [
              72.9176599,
              19.2907727
            ],
            [
              72.9168016,
              19.2902107
            ],
            [
              72.9150689,
              19.290274
            ],
            [
              72.912215,
              19.2903246
            ],
            [
              72.9110321,
              19.2902968
            ],
            [
              72.9087657,
              19.2903854
            ],
            [
              72.9084331,
              19.2904259
            ],
            [
              72.9081058,
              19.2904765
            ],
            [
              72.9077786,
              19.2905221
            ],
            [
              72.9070598,
              19.2907601
            ],
            [
              72.9065314,
              19.2910006
            ],
            [
              72.9058313,
              19.2912461
            ],
            [
              72.9052681,
              19.2915499
            ],
            [
              72.9042274,
              19.2919651
            ],
            [
              72.9037982,
              19.2921575
            ],
            [
              72.9034227,
              19.2922588
            ],
            [
              72.9034737,
              19.2923955
            ],
            [
              72.9029182,
              19.2925997
            ],
            [
              72.9027807,
              19.2926502
            ],
            [
              72.9026948,
              19.2928064
            ],
            [
              72.9025994,
              19.2929798
            ],
            [
              72.9021906,
              19.2931512
            ],
            [
              72.9017576,
              19.2935694
            ],
            [
              72.901293,
              19.2938334
            ],
            [
              72.9007726,
              19.2942255
            ],
            [
              72.8999334,
              19.2949083
            ],
            [
              72.8994638,
              19.2953878
            ],
            [
              72.8977426,
              19.29712
            ],
            [
              72.8975272,
              19.2973928
            ],
            [
              72.8972483,
              19.2977067
            ],
            [
              72.8963363,
              19.2988104
            ],
            [
              72.8953398,
              19.2999322
            ],
            [
              72.8943139,
              19.3010229
            ],
            [
              72.8936111,
              19.3019387
            ],
            [
              72.8927958,
              19.3029012
            ],
            [
              72.8924471,
              19.3032607
            ],
            [
              72.8921038,
              19.3037467
            ],
            [
              72.8912133,
              19.3047137
            ],
            [
              72.8905427,
              19.3056352
            ],
            [
              72.8897649,
              19.3068249
            ],
            [
              72.8890675,
              19.3077818
            ],
            [
              72.8885729,
              19.3085213
            ],
            [
              72.8872625,
              19.3112624
            ],
            [
              72.8867032,
              19.3122491
            ],
            [
              72.8863853,
              19.3130469
            ],
            [
              72.8850335,
              19.3156439
            ],
            [
              72.8846312,
              19.3165451
            ],
            [
              72.884261,
              19.3173044
            ],
            [
              72.8829199,
              19.3196027
            ],
            [
              72.8824103,
              19.3203418
            ],
            [
              72.8812945,
              19.3219921
            ],
            [
              72.88086,
              19.3227211
            ],
            [
              72.8805757,
              19.3231565
            ],
            [
              72.8800768,
              19.3237234
            ],
            [
              72.8792238,
              19.3247814
            ],
            [
              72.8788316,
              19.325269
            ],
            [
              72.8786442,
              19.3254619
            ],
            [
              72.8784143,
              19.325711
            ],
            [
              72.8780664,
              19.3260167
            ],
            [
              72.8776096,
              19.3264181
            ],
            [
              72.8759301,
              19.3285072
            ],
            [
              72.8741383,
              19.3302789
            ],
            [
              72.8732479,
              19.3310888
            ],
            [
              72.8718638,
              19.3322429
            ],
            [
              72.8709412,
              19.3330326
            ],
            [
              72.8684413,
              19.3349156
            ],
            [
              72.8673804,
              19.3354787
            ],
            [
              72.8665882,
              19.3359538
            ],
            [
              72.8658074,
              19.3364088
            ],
            [
              72.8650457,
              19.3367986
            ],
            [
              72.8641874,
              19.3373048
            ],
            [
              72.8632486,
              19.3377958
            ],
            [
              72.8623527,
              19.3382361
            ],
            [
              72.8618753,
              19.3385196
            ],
            [
              72.860561,
              19.3391624
            ],
            [
              72.8600192,
              19.3394459
            ],
            [
              72.8595686,
              19.3396231
            ],
            [
              72.8590697,
              19.3398559
            ],
            [
              72.8582007,
              19.3402963
            ],
            [
              72.8571653,
              19.340519
            ],
            [
              72.8558185,
              19.3407571
            ],
            [
              72.8549927,
              19.3407923
            ],
            [
              72.8537697,
              19.3411213
            ],
            [
              72.8520477,
              19.3415566
            ],
            [
              72.8513879,
              19.3417034
            ],
            [
              72.8506261,
              19.3419312
            ],
            [
              72.8493655,
              19.3419767
            ],
            [
              72.8490899,
              19.3420397
            ],
            [
              72.8484063,
              19.342076
            ],
            [
              72.8442946,
              19.3423143
            ],
            [
              72.8441023,
              19.3423075
            ],
            [
              72.8439099,
              19.3423007
            ],
            [
              72.8436416,
              19.3422551
            ],
            [
              72.8428933,
              19.3421564
            ],
            [
              72.8412947,
              19.3420046
            ],
            [
              72.8410935,
              19.3421539
            ],
            [
              72.8408465,
              19.3421866
            ],
            [
              72.8406487,
              19.3421775
            ],
            [
              72.8403599,
              19.342137
            ],
            [
              72.8401682,
              19.3418825
            ],
            [
              72.8378534,
              19.3412453
            ],
            [
              72.8376496,
              19.3414554
            ],
            [
              72.8369737,
              19.3412529
            ],
            [
              72.8367362,
              19.341134
            ],
            [
              72.8364479,
              19.3409897
            ],
            [
              72.8353321,
              19.3404785
            ],
            [
              72.8349996,
              19.3403671
            ],
            [
              72.8347116,
              19.3403162
            ],
            [
              72.8344834,
              19.3402281
            ],
            [
              72.8343183,
              19.3401393
            ],
            [
              72.8328001,
              19.3393801
            ],
            [
              72.8315127,
              19.3386765
            ],
            [
              72.830218,
              19.337931
            ],
            [
              72.8282778,
              19.3367726
            ],
            [
              72.826505,
              19.3355635
            ],
            [
              72.8262722,
              19.3353943
            ],
            [
              72.8261088,
              19.3352756
            ],
            [
              72.8254631,
              19.3348064
            ],
            [
              72.8252685,
              19.334665
            ],
            [
              72.8249118,
              19.3342095
            ],
            [
              72.8237557,
              19.3331718
            ],
            [
              72.8232568,
              19.3326909
            ],
            [
              72.8250512,
              19.3259829
            ],
            [
              72.8259515,
              19.322352
            ],
            [
              72.8295869,
              19.3127381
            ],
            [
              72.8303057,
              19.3131076
            ],
            [
              72.8309977,
              19.313381
            ],
            [
              72.8326124,
              19.3138873
            ],
            [
              72.8330655,
              19.3138043
            ],
            [
              72.8332132,
              19.3138746
            ],
            [
              72.8331703,
              19.314148
            ],
            [
              72.8333634,
              19.3143049
            ],
            [
              72.8335673,
              19.3143682
            ],
            [
              72.8337792,
              19.314186
            ],
            [
              72.8340501,
              19.3142543
            ],
            [
              72.8340179,
              19.31451
            ],
            [
              72.8345972,
              19.3147378
            ],
            [
              72.8360081,
              19.3153199
            ],
            [
              72.8371514,
              19.315985
            ],
            [
              72.8383684,
              19.3166488
            ],
            [
              72.8398454,
              19.3175659
            ],
            [
              72.8401301,
              19.3177427
            ],
            [
              72.8404149,
              19.3179195
            ],
            [
              72.8416407,
              19.3183878
            ],
            [
              72.8422871,
              19.3186156
            ],
            [
              72.8429334,
              19.3187249
            ],
            [
              72.8431766,
              19.3187465
            ],
            [
              72.8454017,
              19.3189444
            ],
            [
              72.8464492,
              19.3188569
            ],
            [
              72.8485814,
              19.3186787
            ],
            [
              72.8494862,
              19.3185624
            ],
            [
              72.8501058,
              19.3185295
            ],
            [
              72.8505836,
              19.3185142
            ],
            [
              72.8506374,
              19.3185136
            ],
            [
              72.8515673,
              19.3185143
            ],
            [
              72.8530596,
              19.3184037
            ],
            [
              72.8532361,
              19.3183711
            ],
            [
              72.8533794,
              19.3183675
            ],
            [
              72.8535175,
              19.3184359
            ],
            [
              72.8538482,
              19.3183902
            ],
            [
              72.8557867,
              19.318122
            ],
            [
              72.856771,
              19.3178092
            ],
            [
              72.8575033,
              19.3175753
            ],
            [
              72.859295,
              19.3168235
            ],
            [
              72.8601962,
              19.3165248
            ],
            [
              72.8605161,
              19.316369
            ],
            [
              72.8618699,
              19.3157098
            ],
            [
              72.8647506,
              19.3142518
            ],
            [
              72.8660273,
              19.3134721
            ],
            [
              72.8667784,
              19.313057
            ],
            [
              72.8676689,
              19.3125406
            ],
            [
              72.8680935,
              19.3120875
            ],
            [
              72.8685044,
              19.3119793
            ],
            [
              72.8691664,
              19.3115932
            ],
            [
              72.8705549,
              19.3106979
            ],
            [
              72.8715098,
              19.3101005
            ],
            [
              72.872293,
              19.3094119
            ],
            [
              72.8752649,
              19.3074578
            ],
            [
              72.8754763,
              19.307318
            ],
            [
              72.8763136,
              19.3067642
            ],
            [
              72.877062,
              19.3062832
            ],
            [
              72.8787893,
              19.3051112
            ],
            [
              72.879543,
              19.3045467
            ],
            [
              72.8805193,
              19.3038784
            ],
            [
              72.8814822,
              19.3030658
            ],
            [
              72.8822118,
              19.3025797
            ],
            [
              72.8834295,
              19.3016153
            ],
            [
              72.8840276,
              19.3011482
            ],
            [
              72.8841752,
              19.301033
            ],
            [
              72.8857362,
              19.2998711
            ],
            [
              72.8865641,
              19.2990404
            ],
            [
              72.8868002,
              19.2988455
            ],
            [
              72.8869289,
              19.298119
            ],
            [
              72.8868562,
              19.2977051
            ],
            [
              72.8868158,
              19.2973687
            ],
            [
              72.8869754,
              19.2976763
            ],
            [
              72.8870404,
              19.2979902
            ],
            [
              72.8870777,
              19.2983055
            ],
            [
              72.8871362,
              19.2986709
            ],
            [
              72.8871125,
              19.2987204
            ],
            [
              72.8871573,
              19.2987819
            ],
            [
              72.8872647,
              19.2987692
            ],
            [
              72.8873181,
              19.2987193
            ],
            [
              72.8873497,
              19.2987704
            ],
            [
              72.8874486,
              19.2987262
            ],
            [
              72.8875351,
              19.298704
            ],
            [
              72.8876339,
              19.2986296
            ],
            [
              72.8878179,
              19.2984299
            ],
            [
              72.8879403,
              19.298207
            ],
            [
              72.8881882,
              19.2979015
            ],
            [
              72.8884669,
              19.297596
            ],
            [
              72.8888722,
              19.2972528
            ],
            [
              72.8891035,
              19.2971827
            ],
            [
              72.8892468,
              19.2970299
            ],
            [
              72.8893093,
              19.2968808
            ],
            [
              72.889384,
              19.2967317
            ],
            [
              72.8893781,
              19.2965403
            ],
            [
              72.8895477,
              19.296308
            ],
            [
              72.8897034,
              19.2960377
            ],
            [
              72.889859,
              19.2957412
            ],
            [
              72.8899395,
              19.295607
            ],
            [
              72.8899652,
              19.2955285
            ],
            [
              72.8899941,
              19.2953983
            ],
            [
              72.8900833,
              19.2951217
            ],
            [
              72.8901369,
              19.2949346
            ],
            [
              72.890282,
              19.2947537
            ],
            [
              72.8904717,
              19.2946342
            ],
            [
              72.8906096,
              19.294618
            ],
            [
              72.8908018,
              19.2944093
            ],
            [
              72.8910218,
              19.2941395
            ],
            [
              72.8912797,
              19.2938189
            ],
            [
              72.8915092,
              19.2936213
            ],
            [
              72.8916619,
              19.2935733
            ],
            [
              72.8917383,
              19.29343
            ],
            [
              72.8918547,
              19.2933827
            ],
            [
              72.8919208,
              19.2933728
            ],
            [
              72.8921565,
              19.2930923
            ],
            [
              72.8922647,
              19.2929149
            ],
            [
              72.8923087,
              19.2928287
            ],
            [
              72.8925617,
              19.2926316
            ],
            [
              72.8926698,
              19.2926202
            ],
            [
              72.8927963,
              19.2924664
            ],
            [
              72.8928171,
              19.2923604
            ],
            [
              72.8929539,
              19.2923278
            ],
            [
              72.8930346,
              19.2922998
            ],
            [
              72.8931304,
              19.2921812
            ],
            [
              72.8932152,
              19.2921451
            ],
            [
              72.8932762,
              19.2920311
            ],
            [
              72.8934422,
              19.2919218
            ],
            [
              72.8936484,
              19.2918176
            ],
            [
              72.8939009,
              19.2916205
            ],
            [
              72.8940588,
              19.2914707
            ],
            [
              72.8940788,
              19.2913891
            ],
            [
              72.8942044,
              19.2912972
            ],
            [
              72.8943234,
              19.291168
            ],
            [
              72.8945148,
              19.2910283
            ],
            [
              72.8946472,
              19.2909754
            ],
            [
              72.894831,
              19.2909019
            ],
            [
              72.8949275,
              19.2908444
            ],
            [
              72.8949931,
              19.2908125
            ],
            [
              72.8950343,
              19.2907925
            ],
            [
              72.8952489,
              19.2905602
            ],
            [
              72.8954684,
              19.290398
            ],
            [
              72.8956182,
              19.2903984
            ],
            [
              72.8957701,
              19.2902125
            ],
            [
              72.8955657,
              19.2899886
            ],
            [
              72.895372,
              19.2897974
            ],
            [
              72.8955553,
              19.2896364
            ],
            [
              72.8959364,
              19.2900126
            ],
            [
              72.8959769,
              19.2899702
            ],
            [
              72.8963282,
              19.2897227
            ],
            [
              72.8965229,
              19.2896141
            ],
            [
              72.8967139,
              19.2894975
            ],
            [
              72.8968864,
              19.2895089
            ],
            [
              72.8970714,
              19.2893156
            ],
            [
              72.8972009,
              19.2893612
            ],
            [
              72.8974259,
              19.2891921
            ],
            [
              72.8976524,
              19.2891831
            ],
            [
              72.8977625,
              19.2891379
            ],
            [
              72.8977344,
              19.2890339
            ],
            [
              72.8979213,
              19.2889877
            ],
            [
              72.8977197,
              19.2887949
            ],
            [
              72.8978309,
              19.2886817
            ],
            [
              72.8981234,
              19.2889475
            ],
            [
              72.8981577,
              19.2889303
            ],
            [
              72.8982952,
              19.2888611
            ],
            [
              72.8984017,
              19.2887857
            ],
            [
              72.898583,
              19.2887538
            ],
            [
              72.8987348,
              19.2887076
            ],
            [
              72.8987903,
              19.2886483
            ],
            [
              72.8988414,
              19.2886912
            ],
            [
              72.8991764,
              19.2885655
            ],
            [
              72.8993676,
              19.2884016
            ],
            [
              72.899452,
              19.2885382
            ],
            [
              72.8995726,
              19.2885923
            ],
            [
              72.8997693,
              19.288606
            ],
            [
              72.9001943,
              19.2884889
            ],
            [
              72.9010961,
              19.2882467
            ],
            [
              72.9011466,
              19.2881411
            ],
            [
              72.9011576,
              19.2880019
            ],
            [
              72.901336,
              19.2880132
            ],
            [
              72.9013118,
              19.2881702
            ],
            [
              72.9015349,
              19.2882209
            ],
            [
              72.9017042,
              19.2882457
            ],
            [
              72.9019254,
              19.2881732
            ],
            [
              72.9019614,
              19.2881047
            ],
            [
              72.9021138,
              19.2879976
            ],
            [
              72.9022782,
              19.2879193
            ],
            [
              72.9027458,
              19.2876944
            ],
            [
              72.9027961,
              19.2876003
            ],
            [
              72.9030362,
              19.2874689
            ],
            [
              72.903121,
              19.2873386
            ],
            [
              72.9033377,
              19.287351
            ],
            [
              72.9034992,
              19.2873993
            ],
            [
              72.9034966,
              19.2875099
            ],
            [
              72.9043728,
              19.2873302
            ],
            [
              72.904394,
              19.2871533
            ],
            [
              72.9045162,
              19.2871506
            ],
            [
              72.9046297,
              19.2871727
            ],
            [
              72.9049596,
              19.287236
            ],
            [
              72.9052388,
              19.2872273
            ],
            [
              72.9055754,
              19.2871425
            ],
            [
              72.9058099,
              19.2871651
            ],
            [
              72.9059011,
              19.2870689
            ],
            [
              72.9061442,
              19.2870541
            ],
            [
              72.9062966,
              19.2871078
            ],
            [
              72.906459,
              19.2871651
            ],
            [
              72.9070439,
              19.2871655
            ],
            [
              72.9080648,
              19.2872405
            ],
            [
              72.9093222,
              19.2873526
            ],
            [
              72.9099512,
              19.2874993
            ],
            [
              72.9112387,
              19.2876208
            ],
            [
              72.912474,
              19.288024
            ],
            [
              72.913403,
              19.2880723
            ],
            [
              72.9146172,
              19.2880589
            ],
            [
              72.9155088,
              19.2879652
            ],
            [
              72.9174721,
              19.2879753
            ],
            [
              72.9192759,
              19.288169
            ],
            [
              72.921474,
              19.2883702
            ],
            [
              72.9232054,
              19.2887096
            ],
            [
              72.9244298,
              19.289074
            ],
            [
              72.9246708,
              19.2890973
            ],
            [
              72.9259479,
              19.2892208
            ],
            [
              72.9275958,
              19.2887596
            ],
            [
              72.9281444,
              19.288251
            ],
            [
              72.9284844,
              19.2880023
            ],
            [
              72.9286946,
              19.2876141
            ],
            [
              72.9295094,
              19.2874943
            ],
            [
              72.9297838,
              19.2872399
            ],
            [
              72.9321921,
              19.2870183
            ],
            [
              72.9324764,
              19.2867955
            ],
            [
              72.9328412,
              19.2865829
            ],
            [
              72.9331045,
              19.2864908
            ],
            [
              72.9331324,
              19.2862698
            ],
            [
              72.9333444,
              19.2862121
            ],
            [
              72.9334328,
              19.2863942
            ],
            [
              72.9338596,
              19.2865138
            ],
            [
              72.9343164,
              19.2866816
            ],
            [
              72.934539,
              19.2867196
            ],
            [
              72.9346785,
              19.2866512
            ],
            [
              72.9348233,
              19.2863879
            ],
            [
              72.9354937,
              19.2862059
            ],
            [
              72.9359113,
              19.2862721
            ],
            [
              72.936442,
              19.2862831
            ],
            [
              72.9369897,
              19.2864393
            ],
            [
              72.9371347,
              19.2865597
            ],
            [
              72.9374495,
              19.2868699
            ],
            [
              72.9379778,
              19.2871019
            ],
            [
              72.9383759,
              19.2872094
            ],
            [
              72.9384068,
              19.2872145
            ],
            [
              72.9384383,
              19.287212
            ],
            [
              72.9384758,
              19.2871987
            ],
            [
              72.9384993,
              19.2871773
            ],
            [
              72.9385084,
              19.2871912
            ],
            [
              72.938791,
              19.287409
            ],
            [
              72.9392046,
              19.2875107
            ],
            [
              72.939566,
              19.2875995
            ],
            [
              72.9397503,
              19.2876929
            ],
            [
              72.9401993,
              19.2879052
            ],
            [
              72.9404037,
              19.2880703
            ],
            [
              72.9407135,
              19.288165
            ],
            [
              72.941717,
              19.2888372
            ],
            [
              72.9420123,
              19.2891138
            ],
            [
              72.9422405,
              19.2893099
            ],
            [
              72.9426819,
              19.289563
            ],
            [
              72.9433094,
              19.2898259
            ],
            [
              72.9436409,
              19.2899936
            ],
            [
              72.9440127,
              19.2902343
            ],
            [
              72.9446368,
              19.2905544
            ],
            [
              72.9446797,
              19.2907531
            ],
            [
              72.9448101,
              19.29092
            ],
            [
              72.9449597,
              19.2909265
            ],
            [
              72.9450681,
              19.2909497
            ],
            [
              72.9449973,
              19.2911853
            ],
            [
              72.9449874,
              19.2914488
            ],
            [
              72.9450687,
              19.2916059
            ],
            [
              72.9451358,
              19.2916968
            ],
            [
              72.9452015,
              19.2917771
            ],
            [
              72.945292,
              19.291798
            ],
            [
              72.9454328,
              19.291824
            ],
            [
              72.9457265,
              19.2918309
            ],
            [
              72.9459518,
              19.2918082
            ],
            [
              72.9459625,
              19.2919271
            ],
            [
              72.9458821,
              19.2920689
            ],
            [
              72.9458284,
              19.2922107
            ],
            [
              72.9458445,
              19.2924386
            ],
            [
              72.9460189,
              19.292717
            ],
            [
              72.9461986,
              19.2928841
            ],
            [
              72.9463622,
              19.2931448
            ],
            [
              72.9466599,
              19.2933625
            ],
            [
              72.9469,
              19.2935993
            ],
            [
              72.9470757,
              19.2938613
            ],
            [
              72.9474431,
              19.2941372
            ],
            [
              72.9477462,
              19.2943904
            ],
            [
              72.9482317,
              19.2945347
            ],
            [
              72.9493287,
              19.2948005
            ],
            [
              72.9496023,
              19.2947321
            ],
            [
              72.9498732,
              19.2945018
            ],
            [
              72.950183,
              19.2945605
            ],
            [
              72.9502731,
              19.2945776
            ],
            [
              72.9504445,
              19.2946233
            ],
            [
              72.9506606,
              19.2945918
            ],
            [
              72.9520449,
              19.2946948
            ],
            [
              72.9540198,
              19.2949504
            ],
            [
              72.955344,
              19.2949895
            ],
            [
              72.9565402,
              19.2950818
            ],
            [
              72.957349,
              19.2951919
            ],
            [
              72.9580675,
              19.2952593
            ],
            [
              72.9587447,
              19.2952522
            ],
            [
              72.9600688,
              19.2953907
            ],
            [
              72.9606632,
              19.2953942
            ],
            [
              72.9614456,
              19.2954333
            ],
            [
              72.9620776,
              19.295412
            ],
            [
              72.9623748,
              19.2953552
            ],
            [
              72.9628187,
              19.2951883
            ],
            [
              72.9629616,
              19.2951919
            ],
            [
              72.9632663,
              19.2951209
            ],
            [
              72.9640751,
              19.2949362
            ],
            [
              72.9651886,
              19.2946238
            ],
            [
              72.9661667,
              19.2943468
            ],
            [
              72.9668024,
              19.2941516
            ],
            [
              72.9674269,
              19.2939385
            ],
            [
              72.9677542,
              19.2938178
            ],
            [
              72.9683861,
              19.2935373
            ],
            [
              72.9684764,
              19.2935444
            ],
            [
              72.9685742,
              19.2934947
            ],
            [
              72.9686043,
              19.293445
            ],
            [
              72.9690144,
              19.2932533
            ],
            [
              72.9690896,
              19.2932284
            ],
            [
              72.9691385,
              19.2931681
            ],
            [
              72.9693115,
              19.2930829
            ],
            [
              72.9693604,
              19.2931077
            ],
            [
              72.9694507,
              19.2930332
            ],
            [
              72.9694883,
              19.2929337
            ],
            [
              72.9697705,
              19.2927917
            ],
            [
              72.9698984,
              19.2927598
            ],
            [
              72.9705793,
              19.2923763
            ],
            [
              72.9707072,
              19.2922343
            ],
            [
              72.97082,
              19.2921917
            ],
            [
              72.971279,
              19.2919183
            ],
            [
              72.9712714,
              19.2918508
            ],
            [
              72.9713316,
              19.2918082
            ],
            [
              72.9714971,
              19.2917621
            ],
            [
              72.9716627,
              19.2916981
            ],
            [
              72.9717266,
              19.2916271
            ],
            [
              72.9717229,
              19.2915561
            ],
            [
              72.9718056,
              19.29151
            ],
            [
              72.9718545,
              19.2915526
            ],
            [
              72.9720915,
              19.2913963
            ],
            [
              72.9727799,
              19.2908709
            ],
            [
              72.973521,
              19.2902921
            ],
            [
              72.9744201,
              19.2895713
            ],
            [
              72.9744351,
              19.2894435
            ],
            [
              72.974548,
              19.2893583
            ],
            [
              72.9747172,
              19.2893086
            ],
            [
              72.9754395,
              19.2887938
            ],
            [
              72.975684,
              19.2885665
            ],
            [
              72.9758307,
              19.2885026
            ],
            [
              72.9767749,
              19.2878138
            ],
            [
              72.9779261,
              19.2870078
            ],
            [
              72.9780013,
              19.2868729
            ],
            [
              72.9779862,
              19.2867486
            ],
            [
              72.978084,
              19.2866314
            ],
            [
              72.9783812,
              19.2866172
            ],
            [
              72.9788138,
              19.2862728
            ],
            [
              72.9788138,
              19.2862195
            ],
            [
              72.9787837,
              19.2861592
            ],
            [
              72.9788515,
              19.2861734
            ],
            [
              72.9789537,
              19.2862478
            ],
            [
              72.979412,
              19.2858893
            ],
            [
              72.9794082,
              19.2857863
            ],
            [
              72.9796339,
              19.2857579
            ],
            [
              72.9798258,
              19.2856479
            ],
            [
              72.9799461,
              19.2856017
            ],
            [
              72.9800026,
              19.285655
            ],
            [
              72.9800928,
              19.2855946
            ],
            [
              72.980138,
              19.2854597
            ],
            [
              72.9802659,
              19.2853922
            ],
            [
              72.9803223,
              19.2855165
            ],
            [
              72.9808527,
              19.2851259
            ],
            [
              72.9809776,
              19.2849632
            ],
            [
              72.9810408,
              19.2848277
            ],
            [
              72.9813568,
              19.2845329
            ],
            [
              72.981402,
              19.2844264
            ],
            [
              72.981511,
              19.2844122
            ],
            [
              72.9816352,
              19.2843448
            ],
            [
              72.9816841,
              19.2841672
            ],
            [
              72.9818383,
              19.2841211
            ],
            [
              72.9819512,
              19.2840074
            ],
            [
              72.9820114,
              19.2838619
            ],
            [
              72.9821769,
              19.2838299
            ],
            [
              72.9822935,
              19.2837163
            ],
            [
              72.9823085,
              19.2836062
            ],
            [
              72.98238,
              19.2835565
            ],
            [
              72.9825042,
              19.2835671
            ],
            [
              72.9826133,
              19.2833612
            ],
            [
              72.9827299,
              19.2833577
            ],
            [
              72.9827487,
              19.283173
            ],
            [
              72.9828352,
              19.2831162
            ],
            [
              72.9829744,
              19.2830736
            ],
            [
              72.9829217,
              19.2829919
            ],
            [
              72.9830082,
              19.2829067
            ],
            [
              72.9831474,
              19.2829245
            ],
            [
              72.9832377,
              19.2827114
            ],
            [
              72.9834258,
              19.2827114
            ],
            [
              72.9843888,
              19.2816355
            ],
            [
              72.9846446,
              19.2815042
            ],
            [
              72.9852804,
              19.2808863
            ],
            [
              72.9855512,
              19.2806875
            ],
            [
              72.9858484,
              19.2803253
            ],
            [
              72.985965,
              19.2802898
            ],
            [
              72.9862848,
              19.2798743
            ],
            [
              72.9863863,
              19.2798175
            ],
            [
              72.986533,
              19.279679
            ],
            [
              72.9865744,
              19.2794979
            ],
            [
              72.9866609,
              19.2795299
            ],
            [
              72.9866986,
              19.2794553
            ],
            [
              72.986617,
              19.2793805
            ],
            [
              72.9868227,
              19.2791358
            ],
            [
              72.9869431,
              19.2791003
            ],
            [
              72.9869957,
              19.2789795
            ],
            [
              72.9870672,
              19.2789618
            ],
            [
              72.987244,
              19.2787629
            ],
            [
              72.9872403,
              19.2786138
            ],
            [
              72.9873757,
              19.278557
            ],
            [
              72.9874773,
              19.2781806
            ],
            [
              72.9876503,
              19.2779285
            ],
            [
              72.9877293,
              19.2777296
            ],
            [
              72.9879625,
              19.2772218
            ],
            [
              72.9882334,
              19.2765472
            ],
            [
              72.9884666,
              19.275521
            ],
            [
              72.9883613,
              19.2750913
            ],
            [
              72.9885005,
              19.274722
            ],
            [
              72.988666,
              19.274619
            ],
            [
              72.9888315,
              19.2742071
            ],
            [
              72.9887713,
              19.2738485
            ],
            [
              72.9885117,
              19.2733833
            ],
            [
              72.9883146,
              19.2733821
            ],
            [
              72.988347,
              19.2733031
            ],
            [
              72.9884702,
              19.2730025
            ],
            [
              72.9883541,
              19.2723665
            ],
            [
              72.9884431,
              19.2711343
            ],
            [
              72.9885118,
              19.2692493
            ],
            [
              72.9886645,
              19.2684238
            ],
            [
              72.9888161,
              19.2674828
            ],
            [
              72.9891892,
              19.266151
            ],
            [
              72.989061,
              19.2659529
            ],
            [
              72.9890985,
              19.2658221
            ],
            [
              72.9891367,
              19.2656887
            ],
            [
              72.9893524,
              19.2655511
            ],
            [
              72.9894282,
              19.2651054
            ],
            [
              72.9895506,
              19.2646156
            ],
            [
              72.9898907,
              19.2636003
            ],
            [
              72.9900844,
              19.2631847
            ],
            [
              72.9900695,
              19.2630471
            ],
            [
              72.9901803,
              19.2628655
            ],
            [
              72.9908161,
              19.2615448
            ],
            [
              72.9913197,
              19.2606401
            ],
            [
              72.9915327,
              19.2602624
            ],
            [
              72.9919292,
              19.25947
            ],
            [
              72.992483,
              19.2585013
            ],
            [
              72.9928911,
              19.2578684
            ],
            [
              72.9931243,
              19.2571145
            ],
            [
              72.9933808,
              19.256454
            ],
            [
              72.9935965,
              19.2561403
            ],
            [
              72.9939404,
              19.2558046
            ],
            [
              72.9944243,
              19.2554634
            ],
            [
              72.9946924,
              19.2551717
            ],
            [
              72.9950719,
              19.2540789
            ],
            [
              72.9954795,
              19.2529152
            ],
            [
              72.9957826,
              19.2521447
            ],
            [
              72.996179,
              19.2508403
            ],
            [
              72.9963422,
              19.2506092
            ],
            [
              72.9966629,
              19.2498772
            ],
            [
              72.9969039,
              19.2492225
            ],
            [
              72.9971059,
              19.2484792
            ],
            [
              72.9975315,
              19.246685
            ],
            [
              72.9976131,
              19.2462336
            ],
            [
              72.9975723,
              19.2458869
            ],
            [
              72.9976887,
              19.2455916
            ],
            [
              72.9978445,
              19.2453164
            ],
            [
              72.998032,
              19.245049
            ],
            [
              72.9981038,
              19.2448482
            ],
            [
              72.9981422,
              19.2445799
            ],
            [
              72.9982688,
              19.2442839
            ],
            [
              72.9985242,
              19.2437892
            ],
            [
              72.9986593,
              19.2431807
            ],
            [
              72.9987514,
              19.2428522
            ],
            [
              72.9992846,
              19.2414138
            ],
            [
              72.9996652,
              19.2399343
            ],
            [
              72.9994413,
              19.2382153
            ],
            [
              72.9992151,
              19.2367468
            ],
            [
              72.9995043,
              19.2358636
            ],
            [
              72.9996834,
              19.2353724
            ],
            [
              72.999786,
              19.2348745
            ],
            [
              72.9998054,
              19.2347465
            ],
            [
              72.9998446,
              19.2345043
            ],
            [
              73.000078,
              19.2331066
            ],
            [
              73.0001116,
              19.2329383
            ],
            [
              73.0006618,
              19.2307451
            ],
            [
              73.0011998,
              19.2293788
            ],
            [
              73.0016042,
              19.2284054
            ],
            [
              73.0018458,
              19.2278239
            ],
            [
              73.0020345,
              19.2273695
            ],
            [
              73.0026168,
              19.2260028
            ],
            [
              73.0022648,
              19.2258721
            ],
            [
              73.0018705,
              19.2257682
            ],
            [
              73.0022702,
              19.2257277
            ],
            [
              73.0027127,
              19.2257404
            ],
            [
              73.0029876,
              19.2250318
            ],
            [
              73.0036569,
              19.2238966
            ],
            [
              73.0037802,
              19.2234407
            ],
            [
              73.0042362,
              19.2226658
            ],
            [
              73.0045151,
              19.221987
            ],
            [
              73.0046708,
              19.2215691
            ],
            [
              73.0048209,
              19.2207561
            ],
            [
              73.0048972,
              19.2203346
            ]
          ],
          [
            [
              73.0370109,
              19.2003711
            ],
            [
              73.0367086,
              19.2003912
            ],
            [
              73.0363637,
              19.2003027
            ],
            [
              73.0358613,
              19.2002947
            ],
            [
              73.0357974,
              19.2003912
            ],
            [
              73.0358273,
              19.2004636
            ],
            [
              73.0358996,
              19.2005721
            ],
            [
              73.0360189,
              19.2007209
            ],
            [
              73.0365979,
              19.2010144
            ],
            [
              73.0373473,
              19.2014125
            ],
            [
              73.0376751,
              19.201706
            ],
            [
              73.037871,
              19.2020518
            ],
            [
              73.0380157,
              19.2022046
            ],
            [
              73.0382073,
              19.2022689
            ],
            [
              73.0384415,
              19.202281
            ],
            [
              73.0385096,
              19.2021765
            ],
            [
              73.0386288,
              19.2021121
            ],
            [
              73.0388588,
              19.2021161
            ],
            [
              73.0389524,
              19.2020719
            ],
            [
              73.038863,
              19.2019754
            ],
            [
              73.0386587,
              19.2018829
            ],
            [
              73.0382158,
              19.2016899
            ],
            [
              73.038003,
              19.2016457
            ],
            [
              73.0378326,
              19.2015251
            ],
            [
              73.0377049,
              19.2013602
            ],
            [
              73.0377901,
              19.2012074
            ],
            [
              73.0379093,
              19.2010989
            ],
            [
              73.0381392,
              19.2010305
            ],
            [
              73.0384713,
              19.2010426
            ],
            [
              73.038863,
              19.2010265
            ],
            [
              73.0391398,
              19.2009581
            ],
            [
              73.0392803,
              19.2010064
            ],
            [
              73.0393654,
              19.2010184
            ],
            [
              73.0393569,
              19.20093
            ],
            [
              73.039276,
              19.2008697
            ],
            [
              73.039127,
              19.2007571
            ],
            [
              73.0389482,
              19.2007249
            ],
            [
              73.0386161,
              19.2006525
            ],
            [
              73.0382066,
              19.2005928
            ],
            [
              73.0376879,
              19.2004796
            ],
            [
              73.0370109,
              19.2003711
            ]
          ],
          [
            [
              73.0335771,
              19.2000827
            ],
            [
              73.0334854,
              19.2000817
            ],
            [
              73.0308676,
              19.2000536
            ],
            [
              73.0307446,
              19.2000988
            ],
            [
              73.0295066,
              19.2005539
            ],
            [
              73.028301,
              19.2009341
            ],
            [
              73.0275285,
              19.2013799
            ],
            [
              73.0268633,
              19.201927
            ],
            [
              73.0265415,
              19.2022309
            ],
            [
              73.0261016,
              19.2026362
            ],
            [
              73.0255651,
              19.2032847
            ],
            [
              73.0250609,
              19.2043688
            ],
            [
              73.0248248,
              19.2056656
            ],
            [
              73.0248356,
              19.2065066
            ],
            [
              73.0248892,
              19.2071854
            ],
            [
              73.0247283,
              19.2077224
            ],
            [
              73.0247068,
              19.2081276
            ],
            [
              73.0248356,
              19.2082695
            ],
            [
              73.0252272,
              19.2080238
            ],
            [
              73.0257296,
              19.2074819
            ],
            [
              73.0262467,
              19.20745
            ],
            [
              73.0264089,
              19.2073702
            ],
            [
              73.0265814,
              19.2072596
            ],
            [
              73.0266826,
              19.2071947
            ],
            [
              73.0270611,
              19.2068245
            ],
            [
              73.027372,
              19.2065596
            ],
            [
              73.0274907,
              19.2064721
            ],
            [
              73.0277877,
              19.2062532
            ],
            [
              73.0282642,
              19.2059245
            ],
            [
              73.029136,
              19.2052958
            ],
            [
              73.0291668,
              19.2052751
            ],
            [
              73.0300417,
              19.2046863
            ],
            [
              73.0305757,
              19.2042906
            ],
            [
              73.0311975,
              19.2037449
            ],
            [
              73.0312777,
              19.2036664
            ],
            [
              73.0318497,
              19.2031066
            ],
            [
              73.032289,
              19.2028896
            ],
            [
              73.0327249,
              19.2023247
            ],
            [
              73.0331068,
              19.201945
            ],
            [
              73.0336982,
              19.2014248
            ],
            [
              73.034151,
              19.2011248
            ],
            [
              73.0342085,
              19.2010896
            ],
            [
              73.0347276,
              19.2007719
            ],
            [
              73.0350816,
              19.2006757
            ],
            [
              73.0351567,
              19.200544
            ],
            [
              73.0349529,
              19.2004781
            ],
            [
              73.0345935,
              19.2004274
            ],
            [
              73.0341175,
              19.2002177
            ],
            [
              73.0335771,
              19.2000827
            ]
          ],
          [
            [
              72.87343,
              19.32517
            ],
            [
              72.8736314,
              19.324865
            ],
            [
              72.8735858,
              19.3246447
            ],
            [
              72.8734812,
              19.3245384
            ],
            [
              72.8730628,
              19.3245891
            ],
            [
              72.86763,
              19.32656
            ],
            [
              72.86664,
              19.32707
            ],
            [
              72.86551,
              19.3278
            ],
            [
              72.86419,
              19.32833
            ],
            [
              72.86282,
              19.32883
            ],
            [
              72.861,
              19.32935
            ],
            [
              72.85953,
              19.32963
            ],
            [
              72.85878,
              19.32969
            ],
            [
              72.85396,
              19.33046
            ],
            [
              72.8531,
              19.3305
            ],
            [
              72.85224,
              19.33046
            ],
            [
              72.85176,
              19.33057
            ],
            [
              72.8513,
              19.33058
            ],
            [
              72.85091,
              19.33035
            ],
            [
              72.85036,
              19.33036
            ],
            [
              72.84997,
              19.33045
            ],
            [
              72.84911,
              19.33053
            ],
            [
              72.8464472,
              19.3309167
            ],
            [
              72.8442585,
              19.3313824
            ],
            [
              72.84252,
              19.33162
            ],
            [
              72.8404927,
              19.3319696
            ],
            [
              72.8397095,
              19.332329
            ],
            [
              72.83813,
              19.33236
            ],
            [
              72.8369147,
              19.3326934
            ],
            [
              72.8358954,
              19.3331794
            ],
            [
              72.8352624,
              19.3335033
            ],
            [
              72.835477,
              19.3339032
            ],
            [
              72.8353912,
              19.3344195
            ],
            [
              72.8353161,
              19.3351079
            ],
            [
              72.8359222,
              19.3360494
            ],
            [
              72.8370085,
              19.3368112
            ],
            [
              72.83826,
              19.33734
            ],
            [
              72.8398597,
              19.3378312
            ],
            [
              72.841292,
              19.3381298
            ],
            [
              72.8425097,
              19.3381855
            ],
            [
              72.8435947,
              19.3381754
            ],
            [
              72.8435883,
              19.3380586
            ],
            [
              72.8439958,
              19.3380388
            ],
            [
              72.8440022,
              19.3381556
            ],
            [
              72.8445321,
              19.3381298
            ],
            [
              72.8472465,
              19.3378818
            ],
            [
              72.8500038,
              19.3377148
            ],
            [
              72.8538555,
              19.3370972
            ],
            [
              72.8559422,
              19.3365101
            ],
            [
              72.8582543,
              19.3358065
            ],
            [
              72.8603357,
              19.3349915
            ],
            [
              72.8625512,
              19.3339386
            ],
            [
              72.86459,
              19.3328
            ],
            [
              72.86684,
              19.33134
            ],
            [
              72.8687954,
              19.32996
            ],
            [
              72.8704584,
              19.3285983
            ],
            [
              72.87179,
              19.32695
            ],
            [
              72.87343,
              19.32517
            ]
          ],
          [
            [
              72.8624107,
              19.3255441
            ],
            [
              72.8623071,
              19.3256951
            ],
            [
              72.862323,
              19.3258379
            ],
            [
              72.8623876,
              19.3259052
            ],
            [
              72.8627819,
              19.3259432
            ],
            [
              72.8631386,
              19.3258774
            ],
            [
              72.8639942,
              19.325723
            ],
            [
              72.8641606,
              19.3255787
            ],
            [
              72.8643429,
              19.3257432
            ],
            [
              72.8646541,
              19.3256926
            ],
            [
              72.864917,
              19.3255458
            ],
            [
              72.8651959,
              19.3253889
            ],
            [
              72.865625,
              19.3253635
            ],
            [
              72.8662204,
              19.3250396
            ],
            [
              72.8663117,
              19.3246448
            ],
            [
              72.8664914,
              19.3242752
            ],
            [
              72.8666711,
              19.3239867
            ],
            [
              72.8663895,
              19.3238652
            ],
            [
              72.8647908,
              19.3244532
            ],
            [
              72.8644261,
              19.3245511
            ],
            [
              72.8640747,
              19.3247257
            ],
            [
              72.8633639,
              19.3249687
            ],
            [
              72.8624107,
              19.3255441
            ]
          ],
          [
            [
              72.8570373,
              19.3252557
            ],
            [
              72.8575998,
              19.3252978
            ],
            [
              72.8583616,
              19.3252522
            ],
            [
              72.859118,
              19.3250295
            ],
            [
              72.8599549,
              19.3246143
            ],
            [
              72.8610724,
              19.3239354
            ],
            [
              72.8623903,
              19.3231666
            ],
            [
              72.8637153,
              19.3223516
            ],
            [
              72.8647506,
              19.3215163
            ],
            [
              72.8648204,
              19.3214024
            ],
            [
              72.8648096,
              19.3213087
            ],
            [
              72.8647614,
              19.3212379
            ],
            [
              72.8646433,
              19.3211923
            ],
            [
              72.8627497,
              19.3215467
            ],
            [
              72.8613925,
              19.3217796
            ],
            [
              72.8603733,
              19.3222199
            ],
            [
              72.8584903,
              19.3230603
            ],
            [
              72.8568864,
              19.3238373
            ],
            [
              72.8568971,
              19.3241765
            ],
            [
              72.8566718,
              19.3242019
            ],
            [
              72.856494,
              19.3243333
            ],
            [
              72.8563512,
              19.3245384
            ],
            [
              72.8562909,
              19.3246877
            ],
            [
              72.8562493,
              19.324846
            ],
            [
              72.8562333,
              19.3249371
            ],
            [
              72.8562587,
              19.3250079
            ],
            [
              72.8565686,
              19.3250269
            ],
            [
              72.8570373,
              19.3252557
            ]
          ],
          [
            [
              72.9988251,
              19.2565856
            ],
            [
              72.9982656,
              19.2575014
            ],
            [
              72.9980591,
              19.2574102
            ],
            [
              72.9979277,
              19.2574508
            ],
            [
              72.99752,
              19.2578838
            ],
            [
              72.9968253,
              19.2589017
            ],
            [
              72.9957148,
              19.260545
            ],
            [
              72.9952347,
              19.2614287
            ],
            [
              72.9947163,
              19.2624619
            ],
            [
              72.9947481,
              19.2624942
            ],
            [
              72.996247,
              19.2617222
            ],
            [
              72.9971208,
              19.261281
            ],
            [
              72.9975253,
              19.2609501
            ],
            [
              72.9977506,
              19.2606919
            ],
            [
              72.997992,
              19.2604133
            ],
            [
              72.9982522,
              19.2601095
            ],
            [
              72.9985794,
              19.259398
            ],
            [
              72.9988373,
              19.2587276
            ],
            [
              72.9990472,
              19.2571733
            ],
            [
              72.9989254,
              19.2565822
            ],
            [
              72.9988251,
              19.2565856
            ]
          ],
          [
            [
              73.0100271,
              19.2239979
            ],
            [
              73.0099708,
              19.2240385
            ],
            [
              73.0099466,
              19.2240866
            ],
            [
              73.0098957,
              19.2241803
            ],
            [
              73.0097482,
              19.2243753
            ],
            [
              73.0097321,
              19.2244361
            ],
            [
              73.0097884,
              19.2244563
            ],
            [
              73.0098769,
              19.2245121
            ],
            [
              73.0099145,
              19.2245652
            ],
            [
              73.0100191,
              19.2245652
            ],
            [
              73.0100459,
              19.224507
            ],
            [
              73.0100915,
              19.2244285
            ],
            [
              73.0101961,
              19.2243297
            ],
            [
              73.01018,
              19.2242461
            ],
            [
              73.0101559,
              19.2241752
            ],
            [
              73.0101451,
              19.2241094
            ],
            [
              73.0101237,
              19.2240283
            ],
            [
              73.0100271,
              19.2239979
            ]
          ],
          [
            [
              73.0114299,
              19.2228126
            ],
            [
              73.0113602,
              19.2227823
            ],
            [
              73.0108666,
              19.2230558
            ],
            [
              73.0108076,
              19.2231774
            ],
            [
              73.0108452,
              19.2232584
            ],
            [
              73.011049,
              19.2232381
            ],
            [
              73.0111939,
              19.2232128
            ],
            [
              73.0114353,
              19.2232381
            ],
            [
              73.0115318,
              19.2232179
            ],
            [
              73.0115104,
              19.2231419
            ],
            [
              73.0114514,
              19.223071
            ],
            [
              73.0114138,
              19.222995
            ],
            [
              73.0114406,
              19.2229342
            ],
            [
              73.0114299,
              19.2228126
            ]
          ],
          [
            [
              73.0120361,
              19.2227367
            ],
            [
              73.0120629,
              19.2226607
            ],
            [
              73.0120897,
              19.2225746
            ],
            [
              73.0121273,
              19.2224733
            ],
            [
              73.0121756,
              19.2223872
            ],
            [
              73.0122185,
              19.2223061
            ],
            [
              73.0121756,
              19.2222301
            ],
            [
              73.0120468,
              19.2222605
            ],
            [
              73.0119663,
              19.2223112
            ],
            [
              73.0117142,
              19.2224277
            ],
            [
              73.011682,
              19.2225644
            ],
            [
              73.0116981,
              19.2226455
            ],
            [
              73.0118322,
              19.2227367
            ],
            [
              73.0119181,
              19.2227012
            ],
            [
              73.0120361,
              19.2227367
            ]
          ]
        ]
      },
      "id": "relation/8460901"
    },
    {
      "type": "Feature",
      "properties": {
        "@id": "relation/11912596",
        "name": "Ulhas (fleuve)",
        "type": "waterway",
        "waterway": "river",
        "wikidata": "Q53233",
        "wikipedia": "fr:Ulhas (fleuve)"
      },
      "geometry": {
        "type": "LineString",
        "coordinates": [
          [
            72.8823086,
            19.3102852
          ],
          [
            72.8765309,
            19.3250345
          ],
          [
            72.8702116,
            19.3313115
          ],
          [
            72.8606414,
            19.3370618
          ],
          [
            72.8551268,
            19.3390865
          ],
          [
            72.8460931,
            19.3403823
          ],
          [
            72.8383684,
            19.3396939
          ],
          [
            72.8327894,
            19.336252
          ],
          [
            72.8259515,
            19.322352
          ],
          [
            72.8310002,
            19.324111
          ],
          [
            72.8397081,
            19.3258072
          ],
          [
            72.854018,
            19.3262728
          ],
          [
            72.8610384,
            19.3249434
          ],
          [
            72.8670119,
            19.3217716
          ],
          [
            72.8823086,
            19.3102852
          ],
          [
            72.8971061,
            19.29292
          ],
          [
            72.902256,
            19.2904897
          ],
          [
            72.905775,
            19.2890112
          ],
          [
            72.9088114,
            19.2887603
          ],
          [
            72.9267184,
            19.2902597
          ],
          [
            72.9349425,
            19.287931
          ],
          [
            72.9370818,
            19.2882213
          ],
          [
            72.9388842,
            19.2894365
          ],
          [
            72.9409013,
            19.2923934
          ],
          [
            72.9444203,
            19.2962617
          ],
          [
            72.9479655,
            19.2977112
          ],
          [
            72.9503641,
            19.2986919
          ],
          [
            72.9569731,
            19.3000893
          ],
          [
            72.9623804,
            19.3000488
          ],
          [
            72.9679379,
            19.2982666
          ],
          [
            72.9771328,
            19.2916452
          ],
          [
            72.9809971,
            19.2888624
          ],
          [
            72.98115,
            19.2887207
          ],
          [
            72.9848384,
            19.2853019
          ],
          [
            72.9900446,
            19.2795606
          ],
          [
            72.9910183,
            19.2744861
          ],
          [
            72.9910183,
            19.2728295
          ],
          [
            72.9910183,
            19.2689159
          ],
          [
            72.9915785,
            19.2659918
          ],
          [
            72.9916883,
            19.2654184
          ],
          [
            72.9917582,
            19.2652848
          ],
          [
            72.996541,
            19.2561494
          ],
          [
            72.9992544,
            19.2509776
          ],
          [
            72.9999817,
            19.2468264
          ],
          [
            73.0006053,
            19.2432665
          ],
          [
            73.0015478,
            19.2377054
          ],
          [
            73.0022151,
            19.2337403
          ],
          [
            73.0035123,
            19.2305997
          ],
          [
            73.0048879,
            19.2272691
          ],
          [
            73.0062561,
            19.2239563
          ],
          [
            73.0085509,
            19.2213182
          ],
          [
            73.0163526,
            19.2150581
          ],
          [
            73.0221594,
            19.2064752
          ],
          [
            73.0252597,
            19.2000643
          ],
          [
            73.0285945,
            19.1982498
          ],
          [
            73.0337205,
            19.1977181
          ],
          [
            73.0467292,
            19.2008387
          ],
          [
            73.0542452,
            19.2020906
          ],
          [
            73.0589204,
            19.2024212
          ],
          [
            73.0608022,
            19.2033425
          ],
          [
            73.0628908,
            19.2044701
          ],
          [
            73.0651487,
            19.2062651
          ],
          [
            73.0671033,
            19.212763
          ],
          [
            73.0673081,
            19.2174886
          ],
          [
            73.0674114,
            19.2198704
          ],
          [
            73.0666221,
            19.2274723
          ],
          [
            73.0668589,
            19.2314968
          ],
          [
            73.0697004,
            19.2349994
          ],
          [
            73.0723228,
            19.2369656
          ],
          [
            73.0762289,
            19.2398943
          ],
          [
            73.0777513,
            19.2410358
          ],
          [
            73.0824871,
            19.2422281
          ],
          [
            73.0880912,
            19.2414829
          ],
          [
            73.0925902,
            19.2385765
          ],
          [
            73.0983521,
            19.2332854
          ],
          [
            73.1020238,
            19.2322187
          ],
          [
            73.1024565,
            19.232093
          ],
          [
            73.107587,
            19.232242
          ],
          [
            73.1119281,
            19.2343287
          ],
          [
            73.1142811,
            19.2375917
          ],
          [
            73.1144539,
            19.2378313
          ],
          [
            73.1158746,
            19.2425262
          ],
          [
            73.1163482,
            19.2473699
          ],
          [
            73.1161703,
            19.2477419
          ],
          [
            73.1143356,
            19.2515776
          ],
          [
            73.113416,
            19.2532837
          ],
          [
            73.1042918,
            19.2618497
          ],
          [
            73.1018854,
            19.2670843
          ],
          [
            73.1037807,
            19.2719197
          ],
          [
            73.114231,
            19.2793305
          ],
          [
            73.1230265,
            19.2814219
          ],
          [
            73.1279366,
            19.2825894
          ],
          [
            73.1327493,
            19.280318
          ],
          [
            73.1381897,
            19.2704422
          ],
          [
            73.1415376,
            19.2675188
          ],
          [
            73.145365,
            19.2677157
          ],
          [
            73.1471717,
            19.2684592
          ],
          [
            73.1496567,
            19.268251
          ],
          [
            73.1534071,
            19.2659945
          ],
          [
            73.1561685,
            19.2635434
          ],
          [
            73.1576247,
            19.2603271
          ],
          [
            73.1578445,
            19.259188
          ],
          [
            73.1617461,
            19.2580144
          ],
          [
            73.1624253,
            19.2574673
          ],
          [
            73.1649382,
            19.2554435
          ],
          [
            73.1653714,
            19.2551629
          ],
          [
            73.165983,
            19.2548024
          ],
          [
            73.1667192,
            19.2539952
          ],
          [
            73.1672001,
            19.2531015
          ],
          [
            73.1675307,
            19.252047
          ],
          [
            73.1678362,
            19.25156
          ],
          [
            73.1681868,
            19.2512337
          ],
          [
            73.1686376,
            19.2509831
          ],
          [
            73.1689257,
            19.2509048
          ],
          [
            73.1695592,
            19.2507325
          ],
          [
            73.1701352,
            19.2507608
          ],
          [
            73.1707964,
            19.2508034
          ],
          [
            73.1712187,
            19.251079
          ],
          [
            73.1718833,
            19.2515127
          ],
          [
            73.1752942,
            19.2531393
          ],
          [
            73.1765665,
            19.2539858
          ],
          [
            73.1786301,
            19.255428
          ],
          [
            73.1796418,
            19.2559765
          ],
          [
            73.1804983,
            19.2563169
          ],
          [
            73.1811395,
            19.2564824
          ],
          [
            73.1815652,
            19.2565439
          ],
          [
            73.1818557,
            19.2565723
          ],
          [
            73.1824417,
            19.2565439
          ],
          [
            73.1834735,
            19.2564162
          ],
          [
            73.1850363,
            19.2555887
          ],
          [
            73.1868895,
            19.254104
          ],
          [
            73.1880622,
            19.2527849
          ],
          [
            73.1890893,
            19.2518219
          ],
          [
            73.1909381,
            19.2511197
          ],
          [
            73.1920147,
            19.250558
          ],
          [
            73.1924893,
            19.2505179
          ],
          [
            73.1929568,
            19.2506115
          ],
          [
            73.1933819,
            19.2507921
          ],
          [
            73.1937219,
            19.2510261
          ],
          [
            73.1941894,
            19.2517283
          ],
          [
            73.1944302,
            19.2530323
          ],
          [
            73.1940548,
            19.2543831
          ],
          [
            73.1928931,
            19.2565832
          ],
          [
            73.1926381,
            19.2571583
          ],
          [
            73.1925035,
            19.2577735
          ],
          [
            73.1925177,
            19.2585626
          ],
          [
            73.1926806,
            19.2590441
          ],
          [
            73.1929639,
            19.2594453
          ],
          [
            73.1936085,
            19.2602477
          ],
          [
            73.1950394,
            19.2609031
          ],
          [
            73.1967677,
            19.2613043
          ],
          [
            73.1997393,
            19.2615406
          ],
          [
            73.2011715,
            19.261726
          ],
          [
            73.2028643,
            19.2611666
          ],
          [
            73.2056576,
            19.2578372
          ],
          [
            73.2075762,
            19.2562657
          ],
          [
            73.2102283,
            19.2557862
          ],
          [
            73.2139526,
            19.2573311
          ],
          [
            73.2160687,
            19.2569316
          ],
          [
            73.2245613,
            19.2515777
          ],
          [
            73.2288612,
            19.2497644
          ],
          [
            73.2296963,
            19.2472891
          ],
          [
            73.230176,
            19.2431336
          ],
          [
            73.236496,
            19.2366071
          ],
          [
            73.2370603,
            19.2343694
          ],
          [
            73.2339567,
            19.2313058
          ],
          [
            73.227552,
            19.2278692
          ],
          [
            73.2264799,
            19.2256581
          ],
          [
            73.2266774,
            19.2232337
          ],
          [
            73.2277777,
            19.221209
          ],
          [
            73.2315892,
            19.2198909
          ],
          [
            73.2356183,
            19.2192001
          ],
          [
            73.243613,
            19.2173596
          ],
          [
            73.2451657,
            19.2157374
          ],
          [
            73.2447032,
            19.2075952
          ],
          [
            73.2462889,
            19.2025413
          ],
          [
            73.2480068,
            19.1950536
          ],
          [
            73.2467845,
            19.1888136
          ],
          [
            73.2458821,
            19.1851511
          ],
          [
            73.2456103,
            19.1784324
          ],
          [
            73.2455786,
            19.1776494
          ],
          [
            73.2479563,
            19.1742568
          ],
          [
            73.2504352,
            19.1725844
          ],
          [
            73.2528129,
            19.170673
          ],
          [
            73.2544318,
            19.1640786
          ],
          [
            73.2545552,
            19.1628745
          ],
          [
            73.2548871,
            19.1596344
          ],
          [
            73.2532682,
            19.1542343
          ],
          [
            73.2529647,
            19.1501244
          ],
          [
            73.2554336,
            19.1448657
          ],
          [
            73.2564393,
            19.1442769
          ],
          [
            73.2579225,
            19.1437204
          ],
          [
            73.260705,
            19.139897
          ],
          [
            73.2628297,
            19.1344484
          ],
          [
            73.2641451,
            19.1312461
          ],
          [
            73.2633862,
            19.1293343
          ],
          [
            73.2636898,
            19.1266099
          ],
          [
            73.266371,
            19.1238854
          ],
          [
            73.2724418,
            19.1189144
          ],
          [
            73.2751737,
            19.1145645
          ],
          [
            73.2783103,
            19.1127481
          ],
          [
            73.2823575,
            19.1125091
          ],
          [
            73.2857976,
            19.1137519
          ],
          [
            73.2885294,
            19.1177672
          ],
          [
            73.2900977,
            19.1205395
          ],
          [
            73.2932849,
            19.1212087
          ],
          [
            73.2963709,
            19.1177194
          ],
          [
            73.3003675,
            19.115186
          ],
          [
            73.3012362,
            19.114443
          ],
          [
            73.3060841,
            19.1103102
          ],
          [
            73.3089806,
            19.103669
          ],
          [
            73.3093239,
            19.101836
          ],
          [
            73.3093239,
            19.1007573
          ],
          [
            73.3093926,
            19.0995975
          ],
          [
            73.310105,
            19.0985107
          ],
          [
            73.313315,
            19.0965722
          ],
          [
            73.3149801,
            19.0944229
          ],
          [
            73.3159157,
            19.092752
          ],
          [
            73.318585,
            19.0905296
          ],
          [
            73.3193833,
            19.0898483
          ],
          [
            73.3209255,
            19.0883729
          ],
          [
            73.3217548,
            19.0872982
          ],
          [
            73.3217623,
            19.0863046
          ],
          [
            73.3217838,
            19.085534
          ],
          [
            73.3217623,
            19.0849865
          ],
          [
            73.3212688,
            19.0843173
          ],
          [
            73.320389,
            19.083202
          ],
          [
            73.3198955,
            19.0824922
          ],
          [
            73.3192732,
            19.0804238
          ],
          [
            73.3189085,
            19.0788218
          ],
          [
            73.3190372,
            19.0778687
          ],
          [
            73.3196166,
            19.0765302
          ],
          [
            73.3203247,
            19.0757596
          ],
          [
            73.3212903,
            19.0753338
          ],
          [
            73.324466,
            19.0737114
          ],
          [
            73.3263328,
            19.0719268
          ],
          [
            73.3266332,
            19.0694323
          ],
          [
            73.3274701,
            19.0681141
          ],
          [
            73.3279636,
            19.0657413
          ],
          [
            73.3281353,
            19.0642203
          ],
          [
            73.3288434,
            19.0627195
          ],
          [
            73.3302167,
            19.0604683
          ],
          [
            73.3323195,
            19.0579128
          ],
          [
            73.3324912,
            19.0566756
          ],
          [
            73.3321478,
            19.0558238
          ],
          [
            73.3313754,
            19.05483
          ],
          [
            73.3278349,
            19.0531466
          ],
          [
            73.3266547,
            19.0520513
          ],
          [
            73.3254138,
            19.0501775
          ],
          [
            73.3248952,
            19.0493944
          ],
          [
            73.3244016,
            19.0480354
          ],
          [
            73.3232749,
            19.0455617
          ],
          [
            73.3230713,
            19.0451147
          ],
          [
            73.3222505,
            19.0436188
          ],
          [
            73.3221424,
            19.0432656
          ],
          [
            73.3220681,
            19.0426502
          ],
          [
            73.3219385,
            19.04179
          ],
          [
            73.321942,
            19.0411797
          ],
          [
            73.3216327,
            19.0403498
          ],
          [
            73.3211634,
            19.0395664
          ],
          [
            73.3206438,
            19.0394454
          ],
          [
            73.3206895,
            19.0393136
          ],
          [
            73.3209684,
            19.0385225
          ],
          [
            73.3213546,
            19.0378937
          ],
          [
            73.3224704,
            19.0369809
          ],
          [
            73.3231018,
            19.0368762
          ],
          [
            73.3236935,
            19.0367781
          ],
          [
            73.324466,
            19.0368998
          ],
          [
            73.3254745,
            19.0373461
          ],
          [
            73.3263972,
            19.0381371
          ],
          [
            73.3271697,
            19.0391919
          ],
          [
            73.328028,
            19.0404698
          ],
          [
            73.3286073,
            19.0416057
          ],
          [
            73.3292511,
            19.0425793
          ],
          [
            73.3300879,
            19.0432689
          ],
          [
            73.3306244,
            19.043492
          ],
          [
            73.3322551,
            19.0433703
          ],
          [
            73.3339932,
            19.0430458
          ],
          [
            73.3353236,
            19.0430863
          ],
          [
            73.3365681,
            19.0430863
          ],
          [
            73.3371689,
            19.0427821
          ],
          [
            73.3378556,
            19.0419099
          ],
          [
            73.3381775,
            19.0374272
          ],
          [
            73.3388856,
            19.0346482
          ],
          [
            73.3397224,
            19.033208
          ],
          [
            73.3397224,
            19.0312404
          ],
          [
            73.3394005,
            19.0300842
          ],
          [
            73.3386924,
            19.0273254
          ],
          [
            73.3385208,
            19.0253172
          ],
          [
            73.3385208,
            19.0247897
          ],
          [
            73.3387568,
            19.0217469
          ],
          [
            73.3387997,
            19.0208137
          ],
          [
            73.3394649,
            19.0197588
          ],
          [
            73.339785,
            19.0192608
          ],
          [
            73.3410569,
            19.0170382
          ],
          [
            73.3418414,
            19.0156524
          ],
          [
            73.3422743,
            19.0119963
          ],
          [
            73.3434759,
            19.0081011
          ],
          [
            73.3428168,
            19.0051184
          ],
          [
            73.3424038,
            19.003612
          ],
          [
            73.3422857,
            19.00242
          ],
          [
            73.342157,
            19.0016136
          ],
          [
            73.3421731,
            19.0010455
          ],
          [
            73.3422267,
            19.0004521
          ],
          [
            73.3423018,
            18.9999854
          ],
          [
            73.3424681,
            18.9995188
          ],
          [
            73.3428866,
            18.9990572
          ],
          [
            73.3433908,
            18.9985044
          ],
          [
            73.3437556,
            18.9981696
          ],
          [
            73.3454937,
            18.9970233
          ],
          [
            73.3461428,
            18.9965363
          ],
          [
            73.3465987,
            18.9960849
          ],
          [
            73.3469742,
            18.9955726
          ],
          [
            73.3473068,
            18.9951009
          ],
          [
            73.3477467,
            18.9942183
          ],
          [
            73.3480042,
            18.9934828
          ],
          [
            73.3479077,
            18.9928285
          ],
          [
            73.3477628,
            18.992022
          ],
          [
            73.3476394,
            18.9915401
          ],
          [
            73.3475429,
            18.9913625
          ],
          [
            73.3473015,
            18.9910785
          ],
          [
            73.3471996,
            18.9908756
          ],
          [
            73.3471513,
            18.9906321
          ],
          [
            73.3471566,
            18.990135
          ],
          [
            73.3472371,
            18.9896328
          ],
          [
            73.3474624,
            18.9883495
          ],
          [
            73.3475268,
            18.987264
          ],
          [
            73.3476394,
            18.9863154
          ],
          [
            73.3477575,
            18.9859806
          ],
          [
            73.3478486,
            18.9856915
          ],
          [
            73.3479881,
            18.9852603
          ],
          [
            73.3481222,
            18.9850929
          ],
          [
            73.3483905,
            18.9848038
          ],
          [
            73.3486748,
            18.9846465
          ],
          [
            73.348884,
            18.9845603
          ],
          [
            73.3490288,
            18.9846009
          ],
          [
            73.349399,
            18.9848038
          ],
          [
            73.3497208,
            18.9849052
          ],
          [
            73.34993,
            18.9849306
          ],
          [
            73.3500856,
            18.9849103
          ],
          [
            73.3503109,
            18.9847277
          ],
          [
            73.350563,
            18.9843777
          ],
          [
            73.3508795,
            18.9839516
          ],
          [
            73.3511639,
            18.9835001
          ],
          [
            73.351534,
            18.9824501
          ],
          [
            73.3520948,
            18.9799685
          ],
          [
            73.3521402,
            18.9797361
          ],
          [
            73.3521402,
            18.9795485
          ],
          [
            73.3521187,
            18.9793811
          ],
          [
            73.3520597,
            18.9792492
          ],
          [
            73.3518881,
            18.9790107
          ],
          [
            73.3509836,
            18.9777606
          ],
          [
            73.3507025,
            18.9773722
          ],
          [
            73.3502197,
            18.9766468
          ],
          [
            73.3500695,
            18.9763323
          ],
          [
            73.3498657,
            18.9756373
          ],
          [
            73.3497423,
            18.975267
          ],
          [
            73.3497101,
            18.9750691
          ],
          [
            73.3496994,
            18.9743183
          ],
          [
            73.3497208,
            18.9731363
          ],
          [
            73.3497101,
            18.9720152
          ],
          [
            73.3496565,
            18.9711274
          ],
          [
            73.3496189,
            18.9706607
          ],
          [
            73.3496028,
            18.9700875
          ],
          [
            73.349576,
            18.9694838
          ],
          [
            73.3495009,
            18.9690272
          ],
          [
            73.3494258,
            18.9686315
          ],
          [
            73.3492058,
            18.9684235
          ],
          [
            73.3487874,
            18.968251
          ],
          [
            73.3481276,
            18.9680937
          ],
          [
            73.3467168,
            18.9676879
          ],
          [
            73.3463412,
            18.9675306
          ],
          [
            73.3457941,
            18.9674647
          ],
          [
            73.3456224,
            18.9675205
          ],
          [
            73.3454615,
            18.9675052
          ],
          [
            73.3453166,
            18.9674241
          ],
          [
            73.3451557,
            18.9672617
          ],
          [
            73.3449626,
            18.9669776
          ],
          [
            73.3447266,
            18.9665261
          ],
          [
            73.3445281,
            18.9660695
          ],
          [
            73.344453,
            18.9657601
          ],
          [
            73.344453,
            18.9652984
          ],
          [
            73.344512,
            18.9647911
          ],
          [
            73.3446461,
            18.9643852
          ],
          [
            73.3448714,
            18.9636902
          ],
          [
            73.3452254,
            18.9628734
          ],
          [
            73.3456117,
            18.96229
          ],
          [
            73.3460677,
            18.9619348
          ],
          [
            73.3464378,
            18.9616659
          ],
          [
            73.3474657,
            18.9608443
          ],
          [
            73.349686,
            18.958353
          ],
          [
            73.34993,
            18.9580334
          ],
          [
            73.3500025,
            18.9577518
          ],
          [
            73.3500373,
            18.9575464
          ],
          [
            73.350032,
            18.9572318
          ],
          [
            73.3499783,
            18.9569553
          ],
          [
            73.3498174,
            18.9566078
          ],
          [
            73.3495143,
            18.9562298
          ],
          [
            73.3490154,
            18.9556565
          ],
          [
            73.3486962,
            18.955314
          ],
          [
            73.3481249,
            18.9548878
          ],
          [
            73.3475617,
            18.9545428
          ],
          [
            73.3471727,
            18.9543526
          ],
          [
            73.3465075,
            18.9541294
          ],
          [
            73.3457699,
            18.9539974
          ],
          [
            73.3446488,
            18.9537869
          ],
          [
            73.3439943,
            18.9536474
          ],
          [
            73.3434927,
            18.9534875
          ],
          [
            73.3429161,
            18.9531984
          ],
          [
            73.342554,
            18.9529371
          ],
          [
            73.3421758,
            18.9526707
          ],
          [
            73.341862,
            18.9525134
          ],
          [
            73.3416152,
            18.952412
          ],
          [
            73.341465,
            18.9523714
          ],
          [
            73.341347,
            18.9523206
          ],
          [
            73.341229,
            18.95228
          ],
          [
            73.3411002,
            18.9522496
          ],
          [
            73.3409715,
            18.952209
          ],
          [
            73.3408427,
            18.9521684
          ],
          [
            73.3405959,
            18.9520669
          ],
          [
            73.3404779,
            18.9520061
          ],
          [
            73.3403814,
            18.951935
          ],
          [
            73.3402741,
            18.9518741
          ],
          [
            73.3400273,
            18.9517422
          ],
          [
            73.3399093,
            18.9516814
          ],
          [
            73.3397806,
            18.9516205
          ],
          [
            73.3396733,
            18.9515494
          ],
          [
            73.3395767,
            18.9514683
          ],
          [
            73.3394587,
            18.9513972
          ],
          [
            73.3391368,
            18.9511943
          ],
          [
            73.3389223,
            18.9510421
          ],
          [
            73.3387613,
            18.9509102
          ],
          [
            73.3386755,
            18.950829
          ],
          [
            73.3385789,
            18.9507377
          ],
          [
            73.3384824,
            18.9506666
          ],
          [
            73.3383536,
            18.950626
          ],
          [
            73.3382249,
            18.9506057
          ],
          [
            73.3380961,
            18.9505956
          ],
          [
            73.338021,
            18.9505144
          ],
          [
            73.3379352,
            18.9504332
          ],
          [
            73.3378386,
            18.9503521
          ],
          [
            73.3377206,
            18.9502912
          ],
          [
            73.3376241,
            18.95021
          ],
          [
            73.3372486,
            18.9494895
          ],
          [
            73.3372164,
            18.9487589
          ],
          [
            73.3372164,
            18.9486169
          ],
          [
            73.33727,
            18.9484849
          ],
          [
            73.3373773,
            18.9482211
          ],
          [
            73.3374095,
            18.9481095
          ],
          [
            73.3374524,
            18.9479877
          ],
          [
            73.3374953,
            18.9478659
          ],
          [
            73.3375597,
            18.9477645
          ],
          [
            73.3376562,
            18.9473992
          ],
          [
            73.3376348,
            18.9472469
          ],
          [
            73.3375704,
            18.9470034
          ],
          [
            73.3375704,
            18.9468918
          ],
          [
            73.3376133,
            18.9467802
          ],
          [
            73.3377635,
            18.9466076
          ],
          [
            73.3378386,
            18.9465265
          ],
          [
            73.3379245,
            18.9464453
          ],
          [
            73.3380103,
            18.9463641
          ],
          [
            73.3380961,
            18.9462728
          ],
          [
            73.3381498,
            18.9461612
          ],
          [
            73.338182,
            18.9460292
          ],
          [
            73.3382249,
            18.9456436
          ],
          [
            73.3382249,
            18.9455117
          ],
          [
            73.3382141,
            18.9453798
          ],
          [
            73.338182,
            18.9452479
          ],
          [
            73.3381498,
            18.9451261
          ],
          [
            73.3381069,
            18.9449942
          ],
          [
            73.3380318,
            18.9448623
          ],
          [
            73.3379888,
            18.9447506
          ],
          [
            73.3379459,
            18.944639
          ],
          [
            73.3377743,
            18.9438982
          ],
          [
            73.3377743,
            18.9437663
          ],
          [
            73.3377528,
            18.9436141
          ],
          [
            73.3377314,
            18.9434822
          ],
          [
            73.3377099,
            18.9433604
          ],
          [
            73.3376777,
            18.9432488
          ],
          [
            73.3376455,
            18.9430966
          ],
          [
            73.3375919,
            18.9428429
          ],
          [
            73.337549,
            18.9427211
          ],
          [
            73.337506,
            18.9426095
          ],
          [
            73.3374524,
            18.9424978
          ],
          [
            73.337388,
            18.9424065
          ],
          [
            73.3373022,
            18.9423152
          ],
          [
            73.3372164,
            18.9422238
          ],
          [
            73.3371198,
            18.9421427
          ],
          [
            73.3369052,
            18.9420107
          ],
          [
            73.3367979,
            18.9419296
          ],
          [
            73.3366907,
            18.9418382
          ],
          [
            73.3365726,
            18.9417672
          ],
          [
            73.3364653,
            18.9416962
          ],
          [
            73.3363688,
            18.9416251
          ],
          [
            73.3362722,
            18.9415439
          ],
          [
            73.3358431,
            18.9412598
          ],
          [
            73.3357465,
            18.9411888
          ],
          [
            73.33565,
            18.9410974
          ],
          [
            73.3355641,
            18.9410162
          ],
          [
            73.3348989,
            18.940316
          ],
          [
            73.3348453,
            18.940174
          ],
          [
            73.3347595,
            18.9400217
          ],
          [
            73.3347058,
            18.9398898
          ],
          [
            73.3345878,
            18.9396463
          ],
          [
            73.3345556,
            18.9395346
          ],
          [
            73.3345127,
            18.9392708
          ],
          [
            73.3344912,
            18.9391389
          ],
          [
            73.3344698,
            18.9390069
          ],
          [
            73.3343947,
            18.9387431
          ],
          [
            73.3342445,
            18.9379921
          ],
          [
            73.3341908,
            18.9366018
          ],
          [
            73.3345234,
            18.9352318
          ],
          [
            73.3345342,
            18.9350999
          ],
          [
            73.3345771,
            18.9349477
          ],
          [
            73.33462,
            18.9348361
          ],
          [
            73.3346736,
            18.9346838
          ],
          [
            73.3347273,
            18.9345519
          ],
          [
            73.3347702,
            18.9344301
          ],
          [
            73.3348775,
            18.9341967
          ],
          [
            73.334974,
            18.9340952
          ],
          [
            73.3350706,
            18.934014
          ],
          [
            73.3351672,
            18.9339329
          ],
          [
            73.3352637,
            18.9338517
          ],
          [
            73.3354139,
            18.9337197
          ],
          [
            73.3355749,
            18.9335777
          ],
          [
            73.3356714,
            18.9334965
          ],
          [
            73.3365297,
            18.9328977
          ],
          [
            73.336873,
            18.9326542
          ],
          [
            73.3369589,
            18.9325831
          ],
          [
            73.3370876,
            18.9324918
          ],
          [
            73.3372807,
            18.9323294
          ],
          [
            73.3374524,
            18.932167
          ],
          [
            73.3375597,
            18.932096
          ],
          [
            73.3376455,
            18.932025
          ],
          [
            73.3377314,
            18.9319438
          ],
          [
            73.3378065,
            18.9318524
          ],
          [
            73.3378601,
            18.931751
          ],
          [
            73.3379137,
            18.9316495
          ],
          [
            73.3379459,
            18.9315378
          ],
          [
            73.3379888,
            18.9314262
          ],
          [
            73.3380103,
            18.9313146
          ],
          [
            73.3380318,
            18.9311928
          ],
          [
            73.3380425,
            18.9308173
          ],
          [
            73.3380639,
            18.9307057
          ],
          [
            73.3380854,
            18.930594
          ],
          [
            73.3378816,
            18.9298227
          ],
          [
            73.3378708,
            18.9297111
          ],
          [
            73.3377957,
            18.9294777
          ],
          [
            73.3377421,
            18.929366
          ],
          [
            73.3376777,
            18.9292544
          ],
          [
            73.3376133,
            18.9291428
          ],
          [
            73.3375382,
            18.9290514
          ],
          [
            73.3373773,
            18.9288485
          ],
          [
            73.3372915,
            18.9287571
          ],
          [
            73.3370769,
            18.9285947
          ],
          [
            73.3368301,
            18.9284425
          ],
          [
            73.3365297,
            18.9283106
          ],
          [
            73.3363902,
            18.9282598
          ],
          [
            73.33624,
            18.9281989
          ],
          [
            73.3361006,
            18.9281685
          ],
          [
            73.3358216,
            18.9281076
          ],
          [
            73.3356821,
            18.9280772
          ],
          [
            73.3355319,
            18.928067
          ],
          [
            73.3353925,
            18.9280569
          ],
          [
            73.3352744,
            18.9280264
          ],
          [
            73.3341265,
            18.9277017
          ],
          [
            73.3339655,
            18.9276002
          ],
          [
            73.3338475,
            18.9275291
          ],
          [
            73.3337295,
            18.9274479
          ],
          [
            73.3335578,
            18.9273363
          ],
          [
            73.3330321,
            18.926971
          ],
          [
            73.3326888,
            18.9267274
          ],
          [
            73.3325815,
            18.9266563
          ],
          [
            73.3324635,
            18.9265752
          ],
          [
            73.3323562,
            18.9264838
          ],
          [
            73.3321845,
            18.9263113
          ],
          [
            73.3320987,
            18.9262098
          ],
          [
            73.3318841,
            18.9258647
          ],
          [
            73.3318412,
            18.9257531
          ],
          [
            73.3314335,
            18.9249513
          ],
          [
            73.3314228,
            18.9248296
          ],
          [
            73.3313906,
            18.9247179
          ],
          [
            73.3313584,
            18.924586
          ],
          [
            73.3313262,
            18.9244439
          ],
          [
            73.3313048,
            18.9243221
          ],
          [
            73.3312833,
            18.9241902
          ],
          [
            73.3313584,
            18.9233174
          ],
          [
            73.3317339,
            18.9219777
          ],
          [
            73.3317876,
            18.9218153
          ],
          [
            73.3319378,
            18.9215717
          ],
          [
            73.3320665,
            18.9213383
          ],
          [
            73.3321202,
            18.9212368
          ],
          [
            73.3321845,
            18.9211353
          ],
          [
            73.3323347,
            18.9209425
          ],
          [
            73.3324528,
            18.9207395
          ],
          [
            73.3325279,
            18.920638
          ],
          [
            73.3325922,
            18.9205467
          ],
          [
            73.3326673,
            18.9204655
          ],
          [
            73.3327317,
            18.920364
          ],
          [
            73.3328497,
            18.9199885
          ],
          [
            73.3330536,
            18.9190243
          ],
          [
            73.3330536,
            18.9184965
          ],
          [
            73.3330428,
            18.9183747
          ],
          [
            73.3329785,
            18.9170959
          ],
          [
            73.3329356,
            18.9168625
          ],
          [
            73.3328819,
            18.9167102
          ],
          [
            73.3328497,
            18.9165885
          ],
          [
            73.3327961,
            18.9163347
          ],
          [
            73.3327639,
            18.9162129
          ],
          [
            73.3327317,
            18.9161013
          ],
          [
            73.3326888,
            18.9159896
          ],
          [
            73.3326459,
            18.9158678
          ],
          [
            73.3326137,
            18.9157461
          ],
          [
            73.3325708,
            18.9156243
          ],
          [
            73.3325279,
            18.9155126
          ],
          [
            73.3324313,
            18.9152995
          ],
          [
            73.3323562,
            18.9152081
          ],
          [
            73.3322704,
            18.9151269
          ],
          [
            73.3321738,
            18.9150457
          ],
          [
            73.3320665,
            18.9149645
          ],
          [
            73.3319592,
            18.9149036
          ],
          [
            73.3318216,
            18.9148107
          ],
          [
            73.3317339,
            18.9147514
          ],
          [
            73.3316159,
            18.9147007
          ],
          [
            73.3314979,
            18.9146398
          ],
          [
            73.3310473,
            18.9144469
          ],
          [
            73.3307791,
            18.9143657
          ],
          [
            73.3306396,
            18.9143251
          ],
          [
            73.3304894,
            18.9142947
          ],
          [
            73.3303285,
            18.9142744
          ],
          [
            73.3301675,
            18.9142439
          ],
          [
            73.330028,
            18.9142236
          ],
          [
            73.3296204,
            18.9141932
          ],
          [
            73.3294916,
            18.9141424
          ],
          [
            73.3293843,
            18.9140714
          ],
          [
            73.3292878,
            18.9139902
          ],
          [
            73.3291697,
            18.913909
          ],
          [
            73.3290732,
            18.9138278
          ],
          [
            73.3289552,
            18.9137364
          ],
          [
            73.3288801,
            18.913635
          ],
          [
            73.3287513,
            18.9134218
          ],
          [
            73.3286977,
            18.9133
          ],
          [
            73.3286548,
            18.9131782
          ],
          [
            73.3286333,
            18.9130564
          ],
          [
            73.3286333,
            18.912691
          ],
          [
            73.3287191,
            18.9122039
          ],
          [
            73.3287191,
            18.9120313
          ],
          [
            73.3289552,
            18.9114223
          ],
          [
            73.3289981,
            18.9112904
          ],
          [
            73.3290946,
            18.9110468
          ],
          [
            73.3291483,
            18.9109453
          ],
          [
            73.3292019,
            18.9108438
          ],
          [
            73.3295882,
            18.9100521
          ],
          [
            73.3296847,
            18.9099506
          ],
          [
            73.3298242,
            18.9097476
          ],
          [
            73.3298778,
            18.9096563
          ],
          [
            73.3299208,
            18.9095446
          ],
          [
            73.3299637,
            18.909433
          ],
          [
            73.3299744,
            18.9093112
          ],
          [
            73.3299744,
            18.9090473
          ],
          [
            73.3299422,
            18.9089255
          ],
          [
            73.32991,
            18.9088037
          ],
          [
            73.3298564,
            18.908692
          ],
          [
            73.3297169,
            18.9084484
          ],
          [
            73.3296311,
            18.9083368
          ],
          [
            73.3295452,
            18.9082353
          ],
          [
            73.3294701,
            18.9081338
          ],
          [
            73.3293843,
            18.9080526
          ],
          [
            73.3292878,
            18.9079511
          ],
          [
            73.3290732,
            18.9077989
          ],
          [
            73.3289766,
            18.9077075
          ],
          [
            73.3288693,
            18.9076365
          ],
          [
            73.328644,
            18.9075147
          ],
          [
            73.3283651,
            18.9074436
          ],
          [
            73.3279681,
            18.9073624
          ],
          [
            73.3278179,
            18.9073624
          ],
          [
            73.3276784,
            18.907403
          ],
          [
            73.3275497,
            18.9074436
          ],
          [
            73.3274317,
            18.9074842
          ],
          [
            73.3273137,
            18.9075248
          ],
          [
            73.3271849,
            18.9075857
          ],
          [
            73.3270454,
            18.9076365
          ],
          [
            73.3265734,
            18.9079105
          ],
          [
            73.3261657,
            18.9080627
          ],
          [
            73.3260476,
            18.9081236
          ],
          [
            73.3257902,
            18.9082048
          ],
          [
            73.3255327,
            18.9082556
          ],
          [
            73.3254039,
            18.9083063
          ],
          [
            73.324964,
            18.9083977
          ],
          [
            73.3248353,
            18.9084078
          ],
          [
            73.3245349,
            18.9084078
          ],
          [
            73.3243954,
            18.9083875
          ],
          [
            73.3242667,
            18.9083571
          ],
          [
            73.3239877,
            18.9082759
          ],
          [
            73.3235478,
            18.9081338
          ],
          [
            73.3234191,
            18.9080932
          ],
          [
            73.3232796,
            18.9080526
          ],
          [
            73.3231509,
            18.9079815
          ],
          [
            73.3228934,
            18.9078598
          ],
          [
            73.3228075,
            18.9077786
          ],
          [
            73.322711,
            18.9077075
          ],
          [
            73.3225715,
            18.9074842
          ],
          [
            73.3225179,
            18.9073726
          ],
          [
            73.3224642,
            18.9072406
          ],
          [
            73.322314,
            18.9069057
          ],
          [
            73.3216596,
            18.905373
          ],
          [
            73.3216381,
            18.9052309
          ],
          [
            73.3216166,
            18.9050888
          ],
          [
            73.3216166,
            18.9049365
          ],
          [
            73.3216059,
            18.9047843
          ],
          [
            73.3215952,
            18.9046625
          ],
          [
            73.3215737,
            18.9045407
          ],
          [
            73.3215308,
            18.9042971
          ],
          [
            73.3215094,
            18.9041753
          ],
          [
            73.3214557,
            18.9039418
          ],
          [
            73.3214235,
            18.9037997
          ],
          [
            73.3214021,
            18.9036576
          ],
          [
            73.3213591,
            18.9034242
          ],
          [
            73.3213377,
            18.9033024
          ],
          [
            73.3213055,
            18.9031907
          ],
          [
            73.3212948,
            18.9030588
          ],
          [
            73.3212626,
            18.9029471
          ],
          [
            73.3212519,
            18.9028253
          ],
          [
            73.3212304,
            18.9026934
          ],
          [
            73.3211875,
            18.9024295
          ],
          [
            73.3211553,
            18.9021655
          ],
          [
            73.3211231,
            18.9011404
          ],
          [
            73.3211231,
            18.900643
          ],
          [
            73.3211446,
            18.9005212
          ],
          [
            73.321166,
            18.9003994
          ],
          [
            73.3211768,
            18.9002776
          ],
          [
            73.3211875,
            18.9001456
          ],
          [
            73.3212089,
            18.900034
          ],
          [
            73.3212304,
            18.8999223
          ],
          [
            73.3212626,
            18.8998107
          ],
          [
            73.321327,
            18.8993438
          ],
          [
            73.3213377,
            18.8992118
          ],
          [
            73.3213913,
            18.8988971
          ],
          [
            73.3214128,
            18.8986535
          ],
          [
            73.3214128,
            18.8985013
          ],
          [
            73.321445,
            18.8983896
          ],
          [
            73.3214772,
            18.898278
          ],
          [
            73.3220136,
            18.8972934
          ],
          [
            73.3229256,
            18.8949486
          ],
          [
            73.3228934,
            18.8936188
          ],
          [
            73.3224535,
            18.8921165
          ],
          [
            73.3221531,
            18.8912232
          ],
          [
            73.3221531,
            18.8909593
          ],
          [
            73.3221638,
            18.8908172
          ],
          [
            73.3221853,
            18.8906852
          ],
          [
            73.3222496,
            18.8904619
          ],
          [
            73.3222926,
            18.8903502
          ],
          [
            73.3223462,
            18.8902386
          ],
          [
            73.3224106,
            18.8901269
          ],
          [
            73.323183,
            18.8891321
          ],
          [
            73.3232903,
            18.8890813
          ],
          [
            73.3234191,
            18.88899
          ],
          [
            73.3235156,
            18.8889291
          ],
          [
            73.3236015,
            18.888858
          ],
          [
            73.3246744,
            18.8883809
          ],
          [
            73.3248366,
            18.8883575
          ],
          [
            73.3254468,
            18.8882693
          ],
          [
            73.3257258,
            18.8882693
          ],
          [
            73.3258653,
            18.8882794
          ],
          [
            73.325994,
            18.8883099
          ],
          [
            73.3261013,
            18.8883606
          ],
          [
            73.3261979,
            18.8884215
          ],
          [
            73.3262944,
            18.8884926
          ],
          [
            73.326391,
            18.8885535
          ],
          [
            73.3265412,
            18.8887768
          ],
          [
            73.3266163,
            18.8888682
          ],
          [
            73.3266914,
            18.8889595
          ],
          [
            73.3271098,
            18.889396
          ],
          [
            73.3272171,
            18.8894671
          ],
          [
            73.3273351,
            18.889528
          ],
          [
            73.3279681,
            18.8896295
          ],
          [
            73.3280969,
            18.8896295
          ],
          [
            73.3282149,
            18.8896092
          ],
          [
            73.3283543,
            18.8895381
          ],
          [
            73.3285689,
            18.8894062
          ],
          [
            73.3286655,
            18.8893351
          ],
          [
            73.3287406,
            18.8892438
          ],
          [
            73.3288264,
            18.8891727
          ],
          [
            73.3289337,
            18.8891017
          ],
          [
            73.329159,
            18.8890001
          ],
          [
            73.329277,
            18.8889595
          ],
          [
            73.3293843,
            18.8889392
          ],
          [
            73.3295238,
            18.8889088
          ],
          [
            73.3296525,
            18.8889088
          ],
          [
            73.3298993,
            18.8888783
          ],
          [
            73.3300173,
            18.888858
          ],
          [
            73.3304465,
            18.8887261
          ],
          [
            73.3308649,
            18.8885027
          ],
          [
            73.3309615,
            18.8884317
          ],
          [
            73.3310902,
            18.8883505
          ],
          [
            73.331294,
            18.8882794
          ],
          [
            73.3314013,
            18.888249
          ],
          [
            73.3315408,
            18.8882185
          ],
          [
            73.3318519,
            18.8881576
          ],
          [
            73.3320022,
            18.8881271
          ],
          [
            73.3321416,
            18.8881068
          ],
          [
            73.3322489,
            18.8880764
          ],
          [
            73.3323777,
            18.8880358
          ],
          [
            73.3324635,
            18.8879647
          ],
          [
            73.3325493,
            18.8878734
          ],
          [
            73.3326244,
            18.887782
          ],
          [
            73.3326781,
            18.8876703
          ],
          [
            73.3327532,
            18.887447
          ],
          [
            73.3327961,
            18.8873354
          ],
          [
            73.3333218,
            18.8860462
          ],
          [
            73.3335042,
            18.8852442
          ],
          [
            73.3335686,
            18.8851427
          ],
          [
            73.3336222,
            18.8850412
          ],
          [
            73.3336651,
            18.8849397
          ],
          [
            73.333708,
            18.884828
          ],
          [
            73.3338153,
            18.8845945
          ],
          [
            73.333869,
            18.8844829
          ],
          [
            73.3339226,
            18.884361
          ],
          [
            73.333987,
            18.8842595
          ],
          [
            73.3340514,
            18.884158
          ],
          [
            73.3341265,
            18.8840768
          ],
          [
            73.334223,
            18.8840057
          ],
          [
            73.3344376,
            18.8838738
          ],
          [
            73.3345342,
            18.8838027
          ],
          [
            73.3346414,
            18.883752
          ],
          [
            73.3347487,
            18.8836809
          ],
          [
            73.3354032,
            18.8835388
          ],
          [
            73.335886,
            18.8833053
          ],
          [
            73.3364868,
            18.8826658
          ],
          [
            73.3368838,
            18.8821176
          ],
          [
            73.3369696,
            18.8820059
          ],
          [
            73.3373451,
            18.8815999
          ],
          [
            73.3375704,
            18.8813968
          ],
          [
            73.337667,
            18.8813258
          ],
          [
            73.3377528,
            18.8812649
          ],
          [
            73.3378601,
            18.8811938
          ],
          [
            73.3379781,
            18.8811227
          ],
          [
            73.3382141,
            18.8809908
          ],
          [
            73.3384931,
            18.8808588
          ],
          [
            73.3387291,
            18.8807573
          ],
          [
            73.3388364,
            18.8807065
          ],
          [
            73.3390617,
            18.8805949
          ],
          [
            73.3391583,
            18.8805238
          ],
          [
            73.3396518,
            18.8799045
          ],
          [
            73.3396625,
            18.8797827
          ],
          [
            73.3397591,
            18.8795086
          ],
          [
            73.3398127,
            18.879397
          ],
          [
            73.3398878,
            18.8791736
          ],
          [
            73.3399308,
            18.879062
          ],
          [
            73.3399629,
            18.8789604
          ],
          [
            73.3402312,
            18.8784122
          ],
          [
            73.3404565,
            18.8780569
          ],
          [
            73.3409071,
            18.8777321
          ],
          [
            73.3415294,
            18.877793
          ],
          [
            73.3423018,
            18.8780163
          ],
          [
            73.3425593,
            18.878331
          ],
          [
            73.3427739,
            18.8789503
          ],
          [
            73.3431065,
            18.8791736
          ],
          [
            73.3434391,
            18.8792345
          ],
          [
            73.3438146,
            18.879001
          ],
          [
            73.3445012,
            18.8787879
          ],
          [
            73.3454347,
            18.8783107
          ],
          [
            73.3467114,
            18.8774478
          ],
          [
            73.3468294,
            18.877326
          ],
          [
            73.3469045,
            18.8772448
          ],
          [
            73.3470762,
            18.8770621
          ],
          [
            73.3471727,
            18.8769605
          ],
          [
            73.3474195,
            18.8767169
          ],
          [
            73.3475268,
            18.8766357
          ],
          [
            73.3476126,
            18.8765646
          ],
          [
            73.3477092,
            18.8764834
          ],
          [
            73.3478057,
            18.8764022
          ],
          [
            73.3478916,
            18.876321
          ],
          [
            73.3479774,
            18.8762398
          ],
          [
            73.3480739,
            18.8761687
          ],
          [
            73.3481598,
            18.8760875
          ],
          [
            73.3483636,
            18.8759454
          ],
          [
            73.3484816,
            18.8758743
          ],
          [
            73.3486104,
            18.8757931
          ],
          [
            73.3488035,
            18.875651
          ],
          [
            73.3490074,
            18.875387
          ],
          [
            73.3490825,
            18.8753058
          ],
          [
            73.3491897,
            18.8751738
          ],
          [
            73.3493507,
            18.8749708
          ],
          [
            73.3494258,
            18.8748896
          ],
          [
            73.3494902,
            18.8747881
          ],
          [
            73.3495653,
            18.8747068
          ],
          [
            73.349812,
            18.8744327
          ],
          [
            73.350209,
            18.8739556
          ],
          [
            73.3506489,
            18.8728693
          ],
          [
            73.35096,
            18.8718643
          ],
          [
            73.3509815,
            18.8717323
          ],
          [
            73.3510136,
            18.8716308
          ],
          [
            73.3510995,
            18.8714074
          ],
          [
            73.3511639,
            18.8711841
          ],
          [
            73.3512175,
            18.8710724
          ],
          [
            73.3514213,
            18.8707475
          ],
          [
            73.3516359,
            18.8706663
          ],
          [
            73.3518612,
            18.8702399
          ],
          [
            73.3521187,
            18.8698744
          ],
          [
            73.3525801,
            18.869712
          ],
          [
            73.3536315,
            18.8699557
          ],
          [
            73.3546507,
            18.8704531
          ],
          [
            73.3547795,
            18.8704836
          ],
          [
            73.3549511,
            18.8705445
          ],
          [
            73.3551013,
            18.8706054
          ],
          [
            73.3554876,
            18.8707069
          ],
          [
            73.3556056,
            18.8707374
          ],
          [
            73.3557343,
            18.870778
          ],
          [
            73.3558631,
            18.8708186
          ],
          [
            73.3559811,
            18.8708592
          ],
          [
            73.3565283,
            18.8709404
          ],
          [
            73.3571505,
            18.8712653
          ],
          [
            73.3575153,
            18.8716003
          ],
          [
            73.3576548,
            18.8723414
          ],
          [
            73.3577084,
            18.8730115
          ],
          [
            73.3579384,
            18.8735676
          ],
          [
            73.3582985,
            18.8738947
          ],
          [
            73.3595002,
            18.8742297
          ],
          [
            73.3604979,
            18.8741079
          ],
          [
            73.3619141,
            18.8735495
          ],
          [
            73.3623218,
            18.8730927
          ],
          [
            73.3626866,
            18.8724429
          ],
          [
            73.3626115,
            18.870981
          ],
          [
            73.3628409,
            18.8704722
          ],
          [
            73.3629549,
            18.870382
          ],
          [
            73.3635664,
            18.8697628
          ],
          [
            73.365798,
            18.868443
          ],
          [
            73.3670425,
            18.8677323
          ],
          [
            73.3673859,
            18.867377
          ],
          [
            73.3677935,
            18.8663719
          ],
          [
            73.3678794,
            18.8654074
          ],
          [
            73.3682227,
            18.8646561
          ],
          [
            73.3684266,
            18.864514
          ],
          [
            73.3691025,
            18.8646257
          ],
          [
            73.3699179,
            18.8647069
          ],
          [
            73.3703577,
            18.8645648
          ],
          [
            73.3708942,
            18.8641485
          ],
          [
            73.3716667,
            18.8632348
          ],
          [
            73.3727074,
            18.8616205
          ],
          [
            73.3727288,
            18.8612651
          ],
          [
            73.3725572,
            18.8593767
          ],
          [
            73.3725893,
            18.8584325
          ],
          [
            73.3730829,
            18.8572243
          ],
          [
            73.3744025,
            18.8556607
          ],
          [
            73.3747458,
            18.8548891
          ],
          [
            73.3751106,
            18.8537723
          ],
          [
            73.375192,
            18.8529234
          ],
          [
            73.3749852,
            18.8522825
          ],
          [
            73.3739472,
            18.8523298
          ],
          [
            73.3736897,
            18.851619
          ],
          [
            73.3741996,
            18.8504918
          ],
          [
            73.3746445,
            18.8499285
          ],
          [
            73.374951,
            18.8497892
          ],
          [
            73.3753465,
            18.8498836
          ],
          [
            73.3752963,
            18.8489675
          ],
          [
            73.3744858,
            18.8467898
          ],
          [
            73.3745142,
            18.8453218
          ],
          [
            73.3747035,
            18.8442215
          ],
          [
            73.3747379,
            18.8440214
          ],
          [
            73.3750281,
            18.8424988
          ],
          [
            73.3749927,
            18.8411105
          ],
          [
            73.3748331,
            18.8400791
          ],
          [
            73.3744646,
            18.8390873
          ],
          [
            73.374842,
            18.8384557
          ],
          [
            73.3759693,
            18.837127
          ],
          [
            73.3760715,
            18.8363122
          ],
          [
            73.3761804,
            18.8356557
          ],
          [
            73.3761324,
            18.8346357
          ],
          [
            73.376013,
            18.8331032
          ],
          [
            73.3758894,
            18.8320369
          ],
          [
            73.3755171,
            18.830974
          ],
          [
            73.3754441,
            18.8297065
          ],
          [
            73.3755313,
            18.8270091
          ],
          [
            73.3761415,
            18.8252691
          ],
          [
            73.3769488,
            18.8236278
          ],
          [
            73.3775056,
            18.8226874
          ],
          [
            73.3777068,
            18.8215165
          ],
          [
            73.3779906,
            18.8200994
          ],
          [
            73.3784342,
            18.8188338
          ],
          [
            73.3786,
            18.8181531
          ],
          [
            73.3787837,
            18.817377
          ],
          [
            73.3789675,
            18.8164013
          ],
          [
            73.3796777,
            18.8156379
          ],
          [
            73.380142,
            18.8154891
          ],
          [
            73.3803992,
            18.8145243
          ],
          [
            73.3804751,
            18.8136007
          ],
          [
            73.3801594,
            18.8128573
          ],
          [
            73.3800087,
            18.8118199
          ],
          [
            73.3797067,
            18.8108548
          ],
          [
            73.3791702,
            18.8097875
          ],
          [
            73.3795629,
            18.8089455
          ],
          [
            73.3803297,
            18.8082964
          ],
          [
            73.3810473,
            18.8081123
          ],
          [
            73.3816459,
            18.8076751
          ],
          [
            73.38171,
            18.8071673
          ],
          [
            73.3815561,
            18.8058793
          ],
          [
            73.3816556,
            18.8052937
          ],
          [
            73.3817639,
            18.8046565
          ],
          [
            73.3816746,
            18.8038028
          ],
          [
            73.3817149,
            18.8021359
          ],
          [
            73.3817226,
            18.8010469
          ],
          [
            73.3812487,
            18.8004492
          ],
          [
            73.3806401,
            18.7997342
          ],
          [
            73.380215,
            18.7989961
          ],
          [
            73.3799687,
            18.7987948
          ],
          [
            73.3796981,
            18.7985736
          ],
          [
            73.3791576,
            18.7983161
          ],
          [
            73.3789393,
            18.7977862
          ],
          [
            73.3789149,
            18.7966354
          ],
          [
            73.3788245,
            18.7958946
          ],
          [
            73.3787051,
            18.7955088
          ],
          [
            73.3786209,
            18.7951739
          ],
          [
            73.3784698,
            18.7950103
          ],
          [
            73.3782194,
            18.7947394
          ],
          [
            73.3781529,
            18.7943855
          ],
          [
            73.3781892,
            18.7943111
          ],
          [
            73.3784375,
            18.7938025
          ],
          [
            73.378606,
            18.7935085
          ],
          [
            73.3787687,
            18.7932245
          ],
          [
            73.3787672,
            18.7930475
          ],
          [
            73.3787642,
            18.7927098
          ],
          [
            73.3783506,
            18.7923645
          ],
          [
            73.3780367,
            18.7921525
          ],
          [
            73.3776258,
            18.7918749
          ],
          [
            73.3772986,
            18.7914788
          ],
          [
            73.3769708,
            18.7909496
          ],
          [
            73.3766986,
            18.7905459
          ],
          [
            73.3762013,
            18.7902044
          ],
          [
            73.3759899,
            18.7898321
          ],
          [
            73.3755871,
            18.7895007
          ],
          [
            73.3752359,
            18.7891595
          ],
          [
            73.375174,
            18.7890993
          ],
          [
            73.3747457,
            18.7888365
          ],
          [
            73.3741805,
            18.7889253
          ],
          [
            73.3738013,
            18.7884025
          ],
          [
            73.3735116,
            18.7878448
          ],
          [
            73.3734515,
            18.7877291
          ],
          [
            73.3733996,
            18.7870932
          ],
          [
            73.3733684,
            18.7867108
          ],
          [
            73.37312,
            18.7864813
          ],
          [
            73.3727705,
            18.7861585
          ],
          [
            73.3725589,
            18.7861192
          ],
          [
            73.3722839,
            18.7860681
          ],
          [
            73.3716756,
            18.7857235
          ],
          [
            73.3713967,
            18.7853624
          ],
          [
            73.3713127,
            18.7851277
          ],
          [
            73.3711861,
            18.7847741
          ],
          [
            73.3710362,
            18.7846739
          ],
          [
            73.3706545,
            18.7844186
          ],
          [
            73.3706046,
            18.7839592
          ],
          [
            73.3706183,
            18.7833937
          ],
          [
            73.3709613,
            18.7829917
          ],
          [
            73.3709317,
            18.7828166
          ],
          [
            73.3708964,
            18.7826078
          ],
          [
            73.3705059,
            18.7816371
          ],
          [
            73.3703723,
            18.7813051
          ],
          [
            73.3700282,
            18.7804368
          ],
          [
            73.3700027,
            18.7794218
          ],
          [
            73.3700722,
            18.7793076
          ],
          [
            73.3703187,
            18.7790688
          ],
          [
            73.3707371,
            18.7787672
          ],
          [
            73.3710228,
            18.7786138
          ],
          [
            73.3711815,
            18.7785285
          ],
          [
            73.3714409,
            18.7782291
          ],
          [
            73.3714028,
            18.7780048
          ],
          [
            73.3713961,
            18.7779665
          ],
          [
            73.3713159,
            18.7775046
          ],
          [
            73.3711389,
            18.7772577
          ],
          [
            73.3710284,
            18.7770063
          ],
          [
            73.3708361,
            18.7763671
          ],
          [
            73.3707705,
            18.7760965
          ],
          [
            73.3707215,
            18.775894
          ],
          [
            73.3706864,
            18.7757493
          ],
          [
            73.3707151,
            18.7749448
          ],
          [
            73.3710037,
            18.7738785
          ],
          [
            73.3711078,
            18.7734937
          ],
          [
            73.37103,
            18.7732633
          ],
          [
            73.3709367,
            18.7729873
          ],
          [
            73.3709278,
            18.7717907
          ],
          [
            73.3710478,
            18.7714081
          ],
          [
            73.3710861,
            18.7712861
          ],
          [
            73.3710373,
            18.7709486
          ],
          [
            73.3710273,
            18.7708793
          ],
          [
            73.3710311,
            18.7706769
          ],
          [
            73.3710415,
            18.7701212
          ],
          [
            73.3714331,
            18.7695038
          ],
          [
            73.3717488,
            18.7690673
          ],
          [
            73.3719959,
            18.7683298
          ],
          [
            73.3722947,
            18.7674841
          ],
          [
            73.3722222,
            18.7669028
          ],
          [
            73.3726495,
            18.7665736
          ],
          [
            73.373304,
            18.7660373
          ],
          [
            73.3737906,
            18.7655766
          ],
          [
            73.3751413,
            18.7656091
          ],
          [
            73.3755289,
            18.765201
          ],
          [
            73.375692,
            18.7646301
          ],
          [
            73.3758641,
            18.7640995
          ],
          [
            73.3768783,
            18.7639207
          ],
          [
            73.3781534,
            18.7645071
          ],
          [
            73.3790608,
            18.764338
          ],
          [
            73.3793599,
            18.7640838
          ],
          [
            73.3805081,
            18.7633488
          ],
          [
            73.3809671,
            18.7628744
          ],
          [
            73.3822158,
            18.7627623
          ],
          [
            73.3825538,
            18.7628817
          ],
          [
            73.382999,
            18.7628664
          ],
          [
            73.3834201,
            18.7628182
          ],
          [
            73.3841416,
            18.7627191
          ],
          [
            73.3846566,
            18.7628004
          ],
          [
            73.3852816,
            18.7629248
          ],
          [
            73.3857617,
            18.7629985
          ],
          [
            73.3863246,
            18.7627497
          ],
          [
            73.3865813,
            18.7628805
          ],
          [
            73.3871736,
            18.7635536
          ],
          [
            73.387687,
            18.7637406
          ],
          [
            73.3878647,
            18.7640023
          ],
          [
            73.3882991,
            18.7641332
          ],
          [
            73.3884373,
            18.7643388
          ],
          [
            73.3885558,
            18.7649184
          ],
          [
            73.388719,
            18.765212
          ],
          [
            73.3887533,
            18.7652736
          ],
          [
            73.389453,
            18.7652383
          ],
          [
            73.3901878,
            18.765214
          ],
          [
            73.3909233,
            18.7650148
          ],
          [
            73.3918523,
            18.764678
          ],
          [
            73.3927795,
            18.7647006
          ],
          [
            73.393071,
            18.7646096
          ],
          [
            73.3931926,
            18.7643484
          ],
          [
            73.3932287,
            18.7637065
          ],
          [
            73.3936152,
            18.7635865
          ],
          [
            73.393913,
            18.7638196
          ],
          [
            73.3941439,
            18.7642409
          ],
          [
            73.3949176,
            18.7636526
          ],
          [
            73.3953453,
            18.7636339
          ],
          [
            73.396086,
            18.7646169
          ],
          [
            73.39702,
            18.7649085
          ],
          [
            73.3977602,
            18.7646806
          ],
          [
            73.398456,
            18.7649444
          ],
          [
            73.399163,
            18.7655548
          ],
          [
            73.3995029,
            18.7664838
          ],
          [
            73.3999809,
            18.766707
          ],
          [
            73.400451,
            18.7665777
          ],
          [
            73.4011443,
            18.7677274
          ],
          [
            73.400753,
            18.7687144
          ],
          [
            73.4008072,
            18.7690252
          ],
          [
            73.4021275,
            18.7688535
          ],
          [
            73.4039159,
            18.7689646
          ],
          [
            73.4047092,
            18.7695732
          ],
          [
            73.4043444,
            18.769939
          ],
          [
            73.405899,
            18.7710048
          ],
          [
            73.4073018,
            18.7721511
          ],
          [
            73.407139,
            18.7728003
          ],
          [
            73.4072774,
            18.7740613
          ],
          [
            73.4078841,
            18.774439
          ],
          [
            73.4086125,
            18.774694
          ]
        ]
      },
      "id": "relation/11912596"
    },
    {
      "type": "Feature",
      "properties": {
        "@id": "way/19798655",
        "natural": "water",
        "source": "PGS",
        "water": "river"
      },
      "geometry": {
        "type": "Polygon",
        "coordinates": [
          [
            [
              73.082648,
              19.2448846
            ],
            [
              73.0825433,
              19.2451518
            ],
            [
              73.0821007,
              19.2451923
            ],
            [
              73.0819988,
              19.2450479
            ],
            [
              73.0818278,
              19.2450827
            ],
            [
              73.0812773,
              19.2449036
            ],
            [
              73.0809367,
              19.2444376
            ],
            [
              73.0803198,
              19.2439793
            ],
            [
              73.0794775,
              19.2434678
            ],
            [
              73.0790913,
              19.2434222
            ],
            [
              73.0785762,
              19.2429007
            ],
            [
              73.0778468,
              19.2427536
            ],
            [
              73.0775034,
              19.242627
            ],
            [
              73.0769934,
              19.2422817
            ],
            [
              73.0767279,
              19.2421659
            ],
            [
              73.0753804,
              19.241704
            ],
            [
              73.0734007,
              19.2403995
            ],
            [
              73.0756682,
              19.2373044
            ],
            [
              73.0763073,
              19.237798
            ],
            [
              73.0766287,
              19.2379993
            ],
            [
              73.0773023,
              19.2383921
            ],
            [
              73.0781093,
              19.2389156
            ],
            [
              73.0790367,
              19.2397267
            ],
            [
              73.0796204,
              19.2399698
            ],
            [
              73.0808046,
              19.2402311
            ],
            [
              73.0826988,
              19.2405083
            ],
            [
              73.0856243,
              19.240242
            ],
            [
              73.0878559,
              19.239695
            ],
            [
              73.0894922,
              19.2390347
            ],
            [
              73.0903113,
              19.2385284
            ],
            [
              73.0909957,
              19.2378924
            ],
            [
              73.0913106,
              19.2376082
            ],
            [
              73.0916812,
              19.2372554
            ],
            [
              73.0919553,
              19.2370009
            ],
            [
              73.0923834,
              19.2368789
            ],
            [
              73.0925122,
              19.2364332
            ],
            [
              73.0940097,
              19.2350918
            ],
            [
              73.0945078,
              19.2346503
            ],
            [
              73.0952401,
              19.2342031
            ],
            [
              73.095791,
              19.2334363
            ],
            [
              73.0965462,
              19.2332321
            ],
            [
              73.0972329,
              19.2326851
            ],
            [
              73.0975333,
              19.232361
            ],
            [
              73.0979755,
              19.2320436
            ],
            [
              73.0981165,
              19.2315301
            ],
            [
              73.0988018,
              19.2308931
            ],
            [
              73.1001628,
              19.2303923
            ],
            [
              73.1038971,
              19.2298475
            ],
            [
              73.1061593,
              19.2302741
            ],
            [
              73.1074038,
              19.2306186
            ],
            [
              73.1082873,
              19.2309914
            ],
            [
              73.1100431,
              19.2311251
            ],
            [
              73.1107205,
              19.2315314
            ],
            [
              73.1123406,
              19.232063
            ],
            [
              73.1132403,
              19.2327256
            ],
            [
              73.1142289,
              19.232855
            ],
            [
              73.1143625,
              19.2329854
            ],
            [
              73.1147265,
              19.2337419
            ],
            [
              73.1148711,
              19.2340425
            ],
            [
              73.1152954,
              19.2344106
            ],
            [
              73.1156971,
              19.2348015
            ],
            [
              73.1157951,
              19.2350467
            ],
            [
              73.1158796,
              19.2352581
            ],
            [
              73.1159708,
              19.2357292
            ],
            [
              73.1161371,
              19.2372841
            ],
            [
              73.1157938,
              19.2380134
            ],
            [
              73.115921,
              19.238923
            ],
            [
              73.1166989,
              19.2420205
            ],
            [
              73.1170168,
              19.2428554
            ],
            [
              73.1176128,
              19.2451194
            ],
            [
              73.117601,
              19.2461492
            ],
            [
              73.1174031,
              19.2474946
            ],
            [
              73.117961,
              19.2479605
            ],
            [
              73.1177067,
              19.2487247
            ],
            [
              73.117446,
              19.2494191
            ],
            [
              73.1171499,
              19.2500063
            ],
            [
              73.1169364,
              19.2505313
            ],
            [
              73.1167379,
              19.2510195
            ],
            [
              73.1164521,
              19.2518014
            ],
            [
              73.1160298,
              19.2521944
            ],
            [
              73.1157938,
              19.253025
            ],
            [
              73.115212,
              19.254025
            ],
            [
              73.1148472,
              19.2545314
            ],
            [
              73.1146545,
              19.2548723
            ],
            [
              73.1142427,
              19.255383
            ],
            [
              73.1139245,
              19.2558481
            ],
            [
              73.1131437,
              19.2566589
            ],
            [
              73.1125297,
              19.2572256
            ],
            [
              73.112165,
              19.2576308
            ],
            [
              73.1114967,
              19.258444
            ],
            [
              73.1107273,
              19.2589272
            ],
            [
              73.1099334,
              19.2595957
            ],
            [
              73.1093075,
              19.2602237
            ],
            [
              73.1083026,
              19.260649
            ],
            [
              73.1075516,
              19.2611352
            ],
            [
              73.1069293,
              19.2615606
            ],
            [
              73.106307,
              19.2619454
            ],
            [
              73.1058951,
              19.262248
            ],
            [
              73.1042518,
              19.264698
            ],
            [
              73.1010714,
              19.2647611
            ],
            [
              73.1016722,
              19.2641534
            ],
            [
              73.1020376,
              19.2637379
            ],
            [
              73.1025733,
              19.2636875
            ],
            [
              73.102537,
              19.2632196
            ],
            [
              73.1031847,
              19.2622199
            ],
            [
              73.1035961,
              19.2618375
            ],
            [
              73.1038608,
              19.2614593
            ],
            [
              73.1040097,
              19.2611987
            ],
            [
              73.1043329,
              19.2606895
            ],
            [
              73.1048405,
              19.2596625
            ],
            [
              73.1054702,
              19.2587651
            ],
            [
              73.1059426,
              19.2581292
            ],
            [
              73.1066281,
              19.2574922
            ],
            [
              73.1071439,
              19.2569825
            ],
            [
              73.1075895,
              19.2563441
            ],
            [
              73.108275,
              19.2557071
            ],
            [
              73.1086674,
              19.2553822
            ],
            [
              73.1090965,
              19.2550176
            ],
            [
              73.109371,
              19.2546886
            ],
            [
              73.1103266,
              19.2540553
            ],
            [
              73.1107454,
              19.2530298
            ],
            [
              73.1117757,
              19.2521371
            ],
            [
              73.1122103,
              19.2519716
            ],
            [
              73.1125751,
              19.2517082
            ],
            [
              73.1130696,
              19.2512516
            ],
            [
              73.113481,
              19.2508691
            ],
            [
              73.1139913,
              19.2505941
            ],
            [
              73.1145492,
              19.2491152
            ],
            [
              73.1151286,
              19.2459347
            ],
            [
              73.1151733,
              19.2450942
            ],
            [
              73.1149569,
              19.2447799
            ],
            [
              73.1152573,
              19.2441924
            ],
            [
              73.1153319,
              19.2430362
            ],
            [
              73.1150427,
              19.2429567
            ],
            [
              73.1145278,
              19.2417411
            ],
            [
              73.1138683,
              19.2407041
            ],
            [
              73.1136051,
              19.2401609
            ],
            [
              73.1129613,
              19.2395531
            ],
            [
              73.1122612,
              19.2390135
            ],
            [
              73.1117235,
              19.2386223
            ],
            [
              73.1112877,
              19.2383173
            ],
            [
              73.1110945,
              19.2375677
            ],
            [
              73.1104508,
              19.2371828
            ],
            [
              73.110086,
              19.236656
            ],
            [
              73.1096783,
              19.2358862
            ],
            [
              73.1089702,
              19.2352176
            ],
            [
              73.1081977,
              19.2346706
            ],
            [
              73.1073824,
              19.2343262
            ],
            [
              73.1065455,
              19.2341438
            ],
            [
              73.1057945,
              19.2341033
            ],
            [
              73.1038848,
              19.2335563
            ],
            [
              73.1034556,
              19.2338805
            ],
            [
              73.102726,
              19.2339818
            ],
            [
              73.1015888,
              19.2340223
            ],
            [
              73.1003228,
              19.2347314
            ],
            [
              73.0993143,
              19.2352784
            ],
            [
              73.0990568,
              19.2358659
            ],
            [
              73.0978422,
              19.2366311
            ],
            [
              73.0975122,
              19.2369304
            ],
            [
              73.0969613,
              19.2376969
            ],
            [
              73.0966063,
              19.2382843
            ],
            [
              73.0963059,
              19.2387219
            ],
            [
              73.0960141,
              19.2389407
            ],
            [
              73.0949841,
              19.2388191
            ],
            [
              73.0945206,
              19.2390136
            ],
            [
              73.0940923,
              19.2397268
            ],
            [
              73.0935593,
              19.2400914
            ],
            [
              73.093113,
              19.2404723
            ],
            [
              73.0923319,
              19.2407073
            ],
            [
              73.0917569,
              19.2413799
            ],
            [
              73.0910842,
              19.2420126
            ],
            [
              73.0901776,
              19.2425063
            ],
            [
              73.0897217,
              19.2426416
            ],
            [
              73.0892935,
              19.2427575
            ],
            [
              73.0888815,
              19.2428952
            ],
            [
              73.0876713,
              19.2438352
            ],
            [
              73.0867014,
              19.2441351
            ],
            [
              73.0858775,
              19.2441432
            ],
            [
              73.0846329,
              19.2437866
            ],
            [
              73.0840063,
              19.2443134
            ],
            [
              73.082648,
              19.2448846
            ]
          ]
        ]
      },
      "id": "way/19798655"
    },
    {
      "type": "Feature",
      "properties": {
        "@id": "way/141165826",
        "name": "Ganapati Visarjan Pond",
        "natural": "water",
        "water": "pond"
      },
      "geometry": {
        "type": "Polygon",
        "coordinates": [
          [
            [
              73.1075004,
              19.2073581
            ],
            [
              73.1076305,
              19.207246
            ],
            [
              73.1077683,
              19.207387
            ],
            [
              73.107642,
              19.2075062
            ],
            [
              73.1075004,
              19.2073581
            ]
          ]
        ]
      },
      "id": "way/141165826"
    },
    {
      "type": "Feature",
      "properties": {
        "@id": "way/198719579",
        "natural": "water",
        "water": "drain"
      },
      "geometry": {
        "type": "Polygon",
        "coordinates": [
          [
            [
              73.0958336,
              19.205268
            ],
            [
              73.0957236,
              19.2053541
            ],
            [
              73.0955199,
              19.2053564
            ],
            [
              73.0955305,
              19.2052908
            ],
            [
              73.0956887,
              19.2052654
            ],
            [
              73.0958631,
              19.2051337
            ],
            [
              73.0960911,
              19.204926
            ],
            [
              73.096294,
              19.2047592
            ],
            [
              73.0964723,
              19.2045984
            ],
            [
              73.0965797,
              19.2045227
            ],
            [
              73.0966702,
              19.2044328
            ],
            [
              73.0968528,
              19.2042843
            ],
            [
              73.097054,
              19.2040943
            ],
            [
              73.0973335,
              19.2037734
            ],
            [
              73.0972217,
              19.2034999
            ],
            [
              73.0971228,
              19.2032136
            ],
            [
              73.097121,
              19.2031834
            ],
            [
              73.0974966,
              19.202768
            ],
            [
              73.098615,
              19.2018611
            ],
            [
              73.098658,
              19.2018983
            ],
            [
              73.0981966,
              19.202274
            ],
            [
              73.0976909,
              19.2027008
            ],
            [
              73.0975073,
              19.2028557
            ],
            [
              73.0972552,
              19.2031251
            ],
            [
              73.0971747,
              19.2032138
            ],
            [
              73.0972096,
              19.2033607
            ],
            [
              73.0972686,
              19.2035168
            ],
            [
              73.0973549,
              19.2037395
            ],
            [
              73.0973791,
              19.2038019
            ],
            [
              73.0971908,
              19.2040091
            ],
            [
              73.0971725,
              19.2040343
            ],
            [
              73.0971191,
              19.2041077
            ],
            [
              73.0970969,
              19.2041383
            ],
            [
              73.096767,
              19.2044118
            ],
            [
              73.0964988,
              19.2046398
            ],
            [
              73.0963861,
              19.2047665
            ],
            [
              73.0961689,
              19.2049336
            ],
            [
              73.0960079,
              19.2051556
            ],
            [
              73.0958926,
              19.2052325
            ],
            [
              73.0958336,
              19.205268
            ]
          ]
        ]
      },
      "id": "way/198719579"
    },
    {
      "type": "Feature",
      "properties": {
        "@id": "way/198719586",
        "natural": "water",
        "water": "drain"
      },
      "geometry": {
        "type": "Polygon",
        "coordinates": [
          [
            [
              73.0976092,
              19.204655
            ],
            [
              73.0971191,
              19.2041077
            ],
            [
              73.0971725,
              19.2040343
            ],
            [
              73.0972417,
              19.2041206
            ],
            [
              73.0977567,
              19.2046997
            ],
            [
              73.0985936,
              19.2056166
            ],
            [
              73.0985265,
              19.2056521
            ],
            [
              73.0978077,
              19.2048652
            ],
            [
              73.0976092,
              19.204655
            ]
          ]
        ]
      },
      "id": "way/198719586"
    },
    {
      "type": "Feature",
      "properties": {
        "@id": "way/198719589",
        "natural": "water",
        "water": "drain"
      },
      "geometry": {
        "type": "Polygon",
        "coordinates": [
          [
            [
              73.0929583,
              19.2068232
            ],
            [
              73.0926821,
              19.2068384
            ],
            [
              73.0923629,
              19.2068333
            ],
            [
              73.0919955,
              19.206694
            ],
            [
              73.091797,
              19.2066231
            ],
            [
              73.0916709,
              19.2066155
            ],
            [
              73.0908906,
              19.2064165
            ],
            [
              73.0907187,
              19.2063445
            ],
            [
              73.0905337,
              19.2060962
            ],
            [
              73.0904477,
              19.2058471
            ],
            [
              73.0904103,
              19.2057594
            ],
            [
              73.0902976,
              19.20542
            ],
            [
              73.0902492,
              19.2052342
            ],
            [
              73.0902412,
              19.2050594
            ],
            [
              73.0901984,
              19.2048247
            ],
            [
              73.0901232,
              19.2044363
            ],
            [
              73.0899676,
              19.2042159
            ],
            [
              73.0895842,
              19.2039534
            ],
            [
              73.0894849,
              19.203847
            ],
            [
              73.0894313,
              19.2037837
            ],
            [
              73.0893346,
              19.2037803
            ],
            [
              73.089214,
              19.2037761
            ],
            [
              73.0890719,
              19.2037457
            ],
            [
              73.089029,
              19.2036773
            ],
            [
              73.0889537,
              19.2036029
            ],
            [
              73.0887956,
              19.2035532
            ],
            [
              73.0886749,
              19.2035126
            ],
            [
              73.0884495,
              19.203451
            ],
            [
              73.0883314,
              19.2033927
            ],
            [
              73.0878889,
              19.2033041
            ],
            [
              73.0876153,
              19.2031723
            ],
            [
              73.0872667,
              19.202925
            ],
            [
              73.0870333,
              19.2029064
            ],
            [
              73.086926,
              19.2028735
            ],
            [
              73.0868428,
              19.2028355
            ],
            [
              73.0867248,
              19.2028127
            ],
            [
              73.0865828,
              19.2028135
            ],
            [
              73.0864056,
              19.2028988
            ],
            [
              73.0859927,
              19.2031732
            ],
            [
              73.085754,
              19.2033759
            ],
            [
              73.0856065,
              19.2034772
            ],
            [
              73.0855635,
              19.2035937
            ],
            [
              73.0855635,
              19.2037735
            ],
            [
              73.0855609,
              19.2039888
            ],
            [
              73.0855019,
              19.2040876
            ],
            [
              73.0854723,
              19.2042447
            ],
            [
              73.0854723,
              19.2043435
            ],
            [
              73.0855153,
              19.2045005
            ],
            [
              73.0855475,
              19.2046575
            ],
            [
              73.0855796,
              19.2048171
            ],
            [
              73.085703,
              19.2050729
            ],
            [
              73.0857272,
              19.205349
            ],
            [
              73.085727,
              19.2054241
            ],
            [
              73.0856708,
              19.2055719
            ],
            [
              73.085644,
              19.2056277
            ],
            [
              73.0856494,
              19.2057366
            ],
            [
              73.0855045,
              19.2058506
            ],
            [
              73.0852631,
              19.2059595
            ],
            [
              73.0850432,
              19.2059797
            ],
            [
              73.0847748,
              19.205989
            ],
            [
              73.0846355,
              19.2059468
            ],
            [
              73.0845497,
              19.2058911
            ],
            [
              73.0845013,
              19.2058243
            ],
            [
              73.0844397,
              19.205805
            ],
            [
              73.0843861,
              19.2057771
            ],
            [
              73.0843217,
              19.2056707
            ],
            [
              73.0841742,
              19.2054225
            ],
            [
              73.0838577,
              19.2048804
            ],
            [
              73.0835732,
              19.2048365
            ],
            [
              73.0834366,
              19.2047361
            ],
            [
              73.0830208,
              19.20427
            ],
            [
              73.0828894,
              19.2041661
            ],
            [
              73.0828088,
              19.2040842
            ],
            [
              73.0826237,
              19.2038208
            ],
            [
              73.0825406,
              19.2035447
            ],
            [
              73.0825808,
              19.203456
            ],
            [
              73.0825432,
              19.2033876
            ],
            [
              73.0825273,
              19.2032543
            ],
            [
              73.0825271,
              19.203104
            ],
            [
              73.0824118,
              19.2028709
            ],
            [
              73.0823127,
              19.2027502
            ],
            [
              73.0821195,
              19.2025948
            ],
            [
              73.0819533,
              19.2025476
            ],
            [
              73.0816286,
              19.2025695
            ],
            [
              73.0814355,
              19.202643
            ],
            [
              73.0813927,
              19.2026261
            ],
            [
              73.0812479,
              19.2026109
            ],
            [
              73.0811754,
              19.2026261
            ],
            [
              73.0810387,
              19.2026236
            ],
            [
              73.0809421,
              19.2025603
            ],
            [
              73.0807919,
              19.2025045
            ],
            [
              73.0807329,
              19.2024589
            ],
            [
              73.0805638,
              19.202453
            ],
            [
              73.0802875,
              19.2023897
            ],
            [
              73.0802259,
              19.2023298
            ],
            [
              73.0801346,
              19.2023339
            ],
            [
              73.080124,
              19.2021195
            ],
            [
              73.0802258,
              19.2020249
            ],
            [
              73.0803279,
              19.2019447
            ],
            [
              73.0804271,
              19.2020385
            ],
            [
              73.0805691,
              19.2021668
            ],
            [
              73.0806845,
              19.2022301
            ],
            [
              73.080816,
              19.2023247
            ],
            [
              73.0809582,
              19.2023551
            ],
            [
              73.0809957,
              19.2024539
            ],
            [
              73.0811325,
              19.2024539
            ],
            [
              73.0812452,
              19.2024412
            ],
            [
              73.0813015,
              19.2024513
            ],
            [
              73.0813015,
              19.2025273
            ],
            [
              73.0814623,
              19.2025315
            ],
            [
              73.0817173,
              19.2024209
            ],
            [
              73.0819345,
              19.2024032
            ],
            [
              73.0821545,
              19.2023905
            ],
            [
              73.0822832,
              19.2025527
            ],
            [
              73.0826265,
              19.2029149
            ],
            [
              73.0826453,
              19.203158
            ],
            [
              73.0826668,
              19.2034164
            ],
            [
              73.0827311,
              19.203576
            ],
            [
              73.0827606,
              19.2037735
            ],
            [
              73.083002,
              19.2040218
            ],
            [
              73.0833427,
              19.204389
            ],
            [
              73.0835358,
              19.2046246
            ],
            [
              73.0836592,
              19.2047335
            ],
            [
              73.0839757,
              19.2047842
            ],
            [
              73.08404,
              19.2049108
            ],
            [
              73.0841929,
              19.2051515
            ],
            [
              73.084402,
              19.2055482
            ],
            [
              73.0845845,
              19.2057923
            ],
            [
              73.0847777,
              19.2058809
            ],
            [
              73.0850055,
              19.2058699
            ],
            [
              73.0852524,
              19.2058303
            ],
            [
              73.0855019,
              19.205696
            ],
            [
              73.0855984,
              19.2055466
            ],
            [
              73.0856466,
              19.2054039
            ],
            [
              73.085577,
              19.2051768
            ],
            [
              73.0854616,
              19.2048196
            ],
            [
              73.0853703,
              19.2045807
            ],
            [
              73.085357,
              19.2043764
            ],
            [
              73.085357,
              19.2041965
            ],
            [
              73.0854616,
              19.2040699
            ],
            [
              73.0854803,
              19.2038993
            ],
            [
              73.0854615,
              19.203798
            ],
            [
              73.0854723,
              19.2036038
            ],
            [
              73.0854804,
              19.2034417
            ],
            [
              73.0855957,
              19.2033708
            ],
            [
              73.0856841,
              19.2033041
            ],
            [
              73.0857109,
              19.2032661
            ],
            [
              73.0856816,
              19.2032188
            ],
            [
              73.0858747,
              19.2031099
            ],
            [
              73.086006,
              19.2030305
            ],
            [
              73.0863763,
              19.2027806
            ],
            [
              73.0866525,
              19.2026666
            ],
            [
              73.0869342,
              19.2027173
            ],
            [
              73.087213,
              19.2027671
            ],
            [
              73.087602,
              19.2029301
            ],
            [
              73.0879346,
              19.2031454
            ],
            [
              73.0883423,
              19.2032695
            ],
            [
              73.0886265,
              19.2033598
            ],
            [
              73.0891898,
              19.2035396
            ],
            [
              73.0895976,
              19.2037507
            ],
            [
              73.0895384,
              19.2038005
            ],
            [
              73.090008,
              19.2040952
            ],
            [
              73.0901233,
              19.2042371
            ],
            [
              73.0902353,
              19.2044074
            ],
            [
              73.09031,
              19.2046325
            ],
            [
              73.0903218,
              19.204888
            ],
            [
              73.0903593,
              19.2052199
            ],
            [
              73.0904613,
              19.2056023
            ],
            [
              73.090641,
              19.2060456
            ],
            [
              73.090759,
              19.2062533
            ],
            [
              73.0909199,
              19.2063698
            ],
            [
              73.0911264,
              19.2064103
            ],
            [
              73.091459,
              19.2064838
            ],
            [
              73.0919284,
              19.2065496
            ],
            [
              73.0921777,
              19.2066298
            ],
            [
              73.0923951,
              19.2067497
            ],
            [
              73.0926955,
              19.2067421
            ],
            [
              73.0929341,
              19.2067219
            ],
            [
              73.0939426,
              19.206385
            ],
            [
              73.0942564,
              19.2063926
            ],
            [
              73.0943986,
              19.206385
            ],
            [
              73.0945052,
              19.2063473
            ],
            [
              73.0945783,
              19.2062786
            ],
            [
              73.0946856,
              19.2060827
            ],
            [
              73.0947529,
              19.2059762
            ],
            [
              73.0948387,
              19.2057405
            ],
            [
              73.0949109,
              19.2056192
            ],
            [
              73.0950826,
              19.2054757
            ],
            [
              73.0953642,
              19.205306
            ],
            [
              73.0955305,
              19.2052908
            ],
            [
              73.0955199,
              19.2053564
            ],
            [
              73.0953267,
              19.2053741
            ],
            [
              73.0950509,
              19.2055917
            ],
            [
              73.0949072,
              19.2057523
            ],
            [
              73.0948016,
              19.205997
            ],
            [
              73.0946957,
              19.2062225
            ],
            [
              73.0946165,
              19.2063265
            ],
            [
              73.0945147,
              19.2063884
            ],
            [
              73.0943718,
              19.2064348
            ],
            [
              73.0941146,
              19.2064289
            ],
            [
              73.0938292,
              19.2064788
            ],
            [
              73.0933774,
              19.2066515
            ],
            [
              73.0931192,
              19.2067868
            ],
            [
              73.0929583,
              19.2068232
            ]
          ]
        ]
      },
      "id": "way/198719589"
    },
    {
      "type": "Feature",
      "properties": {
        "@id": "way/198719595",
        "natural": "water",
        "water": "drain"
      },
      "geometry": {
        "type": "Polygon",
        "coordinates": [
          [
            [
              73.098784,
              19.2056707
            ],
            [
              73.0995109,
              19.2050628
            ],
            [
              73.0997174,
              19.2048576
            ],
            [
              73.1007179,
              19.2038495
            ],
            [
              73.1016137,
              19.2030162
            ],
            [
              73.1029763,
              19.201694
            ],
            [
              73.1032177,
              19.2014305
            ],
            [
              73.1032472,
              19.2014651
            ],
            [
              73.1031989,
              19.2015107
            ],
            [
              73.1031963,
              19.2015766
            ],
            [
              73.10292,
              19.2018045
            ],
            [
              73.1024184,
              19.2023044
            ],
            [
              73.1022736,
              19.2024564
            ],
            [
              73.1016996,
              19.2029985
            ],
            [
              73.1014099,
              19.2032796
            ],
            [
              73.1007233,
              19.2039103
            ],
            [
              73.100211,
              19.2044498
            ],
            [
              73.1001761,
              19.2045106
            ],
            [
              73.099983,
              19.2046955
            ],
            [
              73.0996745,
              19.2049843
            ],
            [
              73.0993714,
              19.2052553
            ],
            [
              73.0992888,
              19.2053268
            ],
            [
              73.0988216,
              19.2057315
            ],
            [
              73.098784,
              19.2056707
            ]
          ]
        ]
      },
      "id": "way/198719595"
    },
    {
      "type": "Feature",
      "properties": {
        "@id": "way/198719596",
        "natural": "water",
        "water": "drain"
      },
      "geometry": {
        "type": "Polygon",
        "coordinates": [
          [
            [
              73.099358,
              19.2054504
            ],
            [
              73.0992888,
              19.2053268
            ],
            [
              73.0993714,
              19.2052553
            ],
            [
              73.0997308,
              19.2055593
            ],
            [
              73.1002351,
              19.2060431
            ],
            [
              73.1002387,
              19.2063485
            ],
            [
              73.1002622,
              19.2065017
            ],
            [
              73.100263,
              19.2065799
            ],
            [
              73.1003039,
              19.2066635
            ],
            [
              73.1003343,
              19.2067033
            ],
            [
              73.1004926,
              19.2067792
            ],
            [
              73.1007098,
              19.2068207
            ],
            [
              73.1010049,
              19.2068831
            ],
            [
              73.1011363,
              19.2069338
            ],
            [
              73.101314,
              19.2071036
            ],
            [
              73.101537,
              19.2075032
            ],
            [
              73.1016318,
              19.2077503
            ],
            [
              73.1016853,
              19.2078402
            ],
            [
              73.1017398,
              19.2079554
            ],
            [
              73.1018444,
              19.2080356
            ],
            [
              73.102008,
              19.2080584
            ],
            [
              73.1021522,
              19.2081055
            ],
            [
              73.1024184,
              19.208082
            ],
            [
              73.1027376,
              19.2080694
            ],
            [
              73.1029039,
              19.2081023
            ],
            [
              73.1028529,
              19.2081884
            ],
            [
              73.1027376,
              19.2081555
            ],
            [
              73.1025284,
              19.208158
            ],
            [
              73.1023353,
              19.2081555
            ],
            [
              73.1021831,
              19.2081297
            ],
            [
              73.1020322,
              19.2081124
            ],
            [
              73.1018981,
              19.2080972
            ],
            [
              73.1017532,
              19.2080339
            ],
            [
              73.1016728,
              19.2079579
            ],
            [
              73.1016077,
              19.2078019
            ],
            [
              73.101357,
              19.2072153
            ],
            [
              73.1011543,
              19.2069728
            ],
            [
              73.1010617,
              19.206925
            ],
            [
              73.1009302,
              19.2069025
            ],
            [
              73.1008064,
              19.2068739
            ],
            [
              73.1005813,
              19.2068139
            ],
            [
              73.1004336,
              19.206805
            ],
            [
              73.1002961,
              19.2067119
            ],
            [
              73.1002202,
              19.2066149
            ],
            [
              73.1002098,
              19.2064819
            ],
            [
              73.1001573,
              19.2061114
            ],
            [
              73.1001573,
              19.2060228
            ],
            [
              73.0997188,
              19.205574
            ],
            [
              73.0995324,
              19.2054757
            ],
            [
              73.0994412,
              19.2054757
            ],
            [
              73.099358,
              19.2054504
            ]
          ]
        ]
      },
      "id": "way/198719596"
    },
    {
      "type": "Feature",
      "properties": {
        "@id": "way/305606064",
        "name": "Ganesh Visarjan Talao,Thakurli",
        "natural": "water",
        "water": "lake"
      },
      "geometry": {
        "type": "Polygon",
        "coordinates": [
          [
            [
              73.1015791,
              19.2196993
            ],
            [
              73.1015832,
              19.2196727
            ],
            [
              73.1015925,
              19.2196462
            ],
            [
              73.1016247,
              19.2195955
            ],
            [
              73.101669,
              19.2195474
            ],
            [
              73.1017213,
              19.2195069
            ],
            [
              73.1017588,
              19.2194879
            ],
            [
              73.1018058,
              19.2194777
            ],
            [
              73.101842,
              19.2194853
            ],
            [
              73.1018809,
              19.2195005
            ],
            [
              73.1019104,
              19.2195195
            ],
            [
              73.1019318,
              19.2195474
            ],
            [
              73.1019412,
              19.2195955
            ],
            [
              73.1019332,
              19.2196348
            ],
            [
              73.1019104,
              19.2196715
            ],
            [
              73.1018822,
              19.219712
            ],
            [
              73.10185,
              19.2197437
            ],
            [
              73.1018125,
              19.2197766
            ],
            [
              73.101779,
              19.2198045
            ],
            [
              73.1017427,
              19.2198209
            ],
            [
              73.1017106,
              19.2198272
            ],
            [
              73.1016663,
              19.2198196
            ],
            [
              73.1016328,
              19.2197994
            ],
            [
              73.1016019,
              19.2197741
            ],
            [
              73.1015805,
              19.2197399
            ],
            [
              73.1015791,
              19.2196993
            ]
          ]
        ]
      },
      "id": "way/305606064"
    },
    {
      "type": "Feature",
      "properties": {
        "@id": "way/583731458",
        "natural": "water"
      },
      "geometry": {
        "type": "Polygon",
        "coordinates": [
          [
            [
              73.0768941,
              19.2241273
            ],
            [
              73.0770283,
              19.2245572
            ],
            [
              73.0769592,
              19.2245841
            ],
            [
              73.0767234,
              19.2245534
            ],
            [
              73.0765811,
              19.2243691
            ],
            [
              73.0768941,
              19.2241273
            ]
          ]
        ]
      },
      "id": "way/583731458"
    },
    {
      "type": "Feature",
      "properties": {
        "@id": "way/943033623",
        "natural": "water",
        "water": "pond"
      },
      "geometry": {
        "type": "Polygon",
        "coordinates": [
          [
            [
              73.0591491,
              19.235435
            ],
            [
              73.0591062,
              19.2354324
            ],
            [
              73.0590928,
              19.2353818
            ],
            [
              73.0591571,
              19.2352906
            ],
            [
              73.0591115,
              19.2352501
            ],
            [
              73.0591598,
              19.2351387
            ],
            [
              73.0591357,
              19.2349918
            ],
            [
              73.0591518,
              19.2349107
            ],
            [
              73.0592188,
              19.2348981
            ],
            [
              73.0593556,
              19.2352324
            ],
            [
              73.0593529,
              19.2352855
            ],
            [
              73.0593342,
              19.235397
            ],
            [
              73.0591491,
              19.235435
            ]
          ]
        ]
      },
      "id": "way/943033623"
    },
    {
      "type": "Feature",
      "properties": {
        "@id": "way/957445443",
        "natural": "water",
        "water": "pond"
      },
      "geometry": {
        "type": "Polygon",
        "coordinates": [
          [
            [
              73.12007,
              19.2033693
            ],
            [
              73.1198829,
              19.2035011
            ],
            [
              73.1198342,
              19.2034378
            ],
            [
              73.1198504,
              19.2033993
            ],
            [
              73.1198444,
              19.2033583
            ],
            [
              73.1198176,
              19.2033254
            ],
            [
              73.1197772,
              19.2033094
            ],
            [
              73.1197336,
              19.2033143
            ],
            [
              73.1196983,
              19.2033389
            ],
            [
              73.1196806,
              19.2033768
            ],
            [
              73.1196849,
              19.203418
            ],
            [
              73.1197104,
              19.2034518
            ],
            [
              73.1197501,
              19.2034693
            ],
            [
              73.1197939,
              19.203466
            ],
            [
              73.1198437,
              19.2035285
            ],
            [
              73.1197039,
              19.203627
            ],
            [
              73.1196912,
              19.2036466
            ],
            [
              73.1196891,
              19.2036694
            ],
            [
              73.1195803,
              19.2034228
            ],
            [
              73.1195731,
              19.2034003
            ],
            [
              73.1195738,
              19.2033813
            ],
            [
              73.1195781,
              19.203357
            ],
            [
              73.1196787,
              19.2029509
            ],
            [
              73.1200056,
              19.2031274
            ],
            [
              73.120062,
              19.2032135
            ],
            [
              73.1200781,
              19.2032768
            ],
            [
              73.12007,
              19.2033693
            ]
          ]
        ]
      },
      "id": "way/957445443"
    },
    {
      "type": "Feature",
      "properties": {
        "@id": "way/1007837664",
        "natural": "water"
      },
      "geometry": {
        "type": "Polygon",
        "coordinates": [
          [
            [
              73.0888653,
              19.1932766
            ],
            [
              73.088821,
              19.193093
            ],
            [
              73.0888773,
              19.1928827
            ],
            [
              73.0892113,
              19.192851
            ],
            [
              73.0892435,
              19.1930727
            ],
            [
              73.0888653,
              19.1932766
            ]
          ]
        ]
      },
      "id": "way/1007837664"
    },
    {
      "type": "Feature",
      "properties": {
        "@id": "way/1020245522",
        "name": "Public Water Tank",
        "natural": "water"
      },
      "geometry": {
        "type": "Polygon",
        "coordinates": [
          [
            [
              73.0889167,
              19.2109353
            ],
            [
              73.0889504,
              19.210934
            ],
            [
              73.0889827,
              19.2109432
            ],
            [
              73.08901,
              19.2109619
            ],
            [
              73.0890292,
              19.2109881
            ],
            [
              73.0890383,
              19.2110187
            ],
            [
              73.0890362,
              19.2110505
            ],
            [
              73.0890236,
              19.2110792
            ],
            [
              73.0890019,
              19.2111026
            ],
            [
              73.0889734,
              19.2111181
            ],
            [
              73.0889411,
              19.2111242
            ],
            [
              73.0889085,
              19.2111201
            ],
            [
              73.088879,
              19.2111065
            ],
            [
              73.0888557,
              19.2110845
            ],
            [
              73.0888411,
              19.2110567
            ],
            [
              73.0888367,
              19.211026
            ],
            [
              73.0888429,
              19.2109955
            ],
            [
              73.0888598,
              19.2109679
            ],
            [
              73.0888853,
              19.2109471
            ],
            [
              73.0889167,
              19.2109353
            ]
          ]
        ]
      },
      "id": "way/1020245522"
    },
    {
      "type": "Feature",
      "properties": {
        "@id": "way/1020245523",
        "name": "Public Water Tank",
        "natural": "water"
      },
      "geometry": {
        "type": "Polygon",
        "coordinates": [
          [
            [
              73.0889976,
              19.2107741
            ],
            [
              73.0890168,
              19.2107853
            ],
            [
              73.0890311,
              19.2108019
            ],
            [
              73.0890386,
              19.2108221
            ],
            [
              73.0890387,
              19.2108434
            ],
            [
              73.0890312,
              19.2108636
            ],
            [
              73.0890179,
              19.2108796
            ],
            [
              73.0889999,
              19.2108907
            ],
            [
              73.0889791,
              19.210896
            ],
            [
              73.0889577,
              19.2108947
            ],
            [
              73.0889377,
              19.2108871
            ],
            [
              73.0889214,
              19.210874
            ],
            [
              73.0889102,
              19.2108566
            ],
            [
              73.0889055,
              19.2108368
            ],
            [
              73.0889076,
              19.2108166
            ],
            [
              73.088917,
              19.2107972
            ],
            [
              73.0889327,
              19.2107818
            ],
            [
              73.088953,
              19.2107722
            ],
            [
              73.0889754,
              19.2107695
            ],
            [
              73.0889976,
              19.2107741
            ]
          ]
        ]
      },
      "id": "way/1020245523"
    },
    {
      "type": "Feature",
      "properties": {
        "@id": "way/1314257235",
        "natural": "water",
        "water": "pond"
      },
      "geometry": {
        "type": "Polygon",
        "coordinates": [
          [
            [
              73.0551557,
              19.1948839
            ],
            [
              73.05523,
              19.194872
            ],
            [
              73.0552979,
              19.1948406
            ],
            [
              73.0553674,
              19.1948406
            ],
            [
              73.0554449,
              19.1948675
            ],
            [
              73.0555381,
              19.1949093
            ],
            [
              73.0556202,
              19.194966
            ],
            [
              73.0557308,
              19.1950256
            ],
            [
              73.0558367,
              19.1950883
            ],
            [
              73.0558872,
              19.1951376
            ],
            [
              73.0559836,
              19.1951749
            ],
            [
              73.0560373,
              19.1952286
            ],
            [
              73.0560389,
              19.1952942
            ],
            [
              73.0559394,
              19.1952748
            ],
            [
              73.0558509,
              19.1952345
            ],
            [
              73.0557561,
              19.1952241
            ],
            [
              73.0556645,
              19.1951704
            ],
            [
              73.0555839,
              19.1951286
            ],
            [
              73.0555049,
              19.195057
            ],
            [
              73.0554006,
              19.1949913
            ],
            [
              73.0553137,
              19.1949481
            ],
            [
              73.0552316,
              19.1949391
            ],
            [
              73.0551557,
              19.1948839
            ]
          ]
        ]
      },
      "id": "way/1314257235"
    },
    {
      "type": "Feature",
      "properties": {
        "@id": "way/1353059807",
        "name": "big pond",
        "natural": "water",
        "water": "pond"
      },
      "geometry": {
        "type": "Polygon",
        "coordinates": [
          [
            [
              73.1006475,
              19.203314
            ],
            [
              73.1010283,
              19.203162
            ],
            [
              73.1007548,
              19.2034229
            ],
            [
              73.1006475,
              19.203314
            ]
          ]
        ]
      },
      "id": "way/1353059807"
    },
    {
      "type": "Feature",
      "properties": {
        "@id": "way/204348776",
        "waterway": "drain"
      },
      "geometry": {
        "type": "LineString",
        "coordinates": [
          [
            73.0821991,
            19.2351845
          ],
          [
            73.0819747,
            19.235673
          ],
          [
            73.0817413,
            19.2360731
          ],
          [
            73.0813846,
            19.2364226
          ],
          [
            73.0808213,
            19.2369874
          ],
          [
            73.080425,
            19.237328
          ],
          [
            73.07921,
            19.2383581
          ],
          [
            73.0775704,
            19.2390452
          ],
          [
            73.0762289,
            19.2398943
          ]
        ]
      },
      "id": "way/204348776"
    },
    {
      "type": "Feature",
      "properties": {
        "@id": "way/397750087",
        "waterway": "river"
      },
      "geometry": {
        "type": "LineString",
        "coordinates": [
          [
            73.0971222,
            19.2040741
          ],
          [
            73.0957217,
            19.2052765
          ],
          [
            73.0953906,
            19.2053427
          ],
          [
            73.0950214,
            19.2055411
          ],
          [
            73.0948877,
            19.2057515
          ],
          [
            73.0946394,
            19.2062264
          ],
          [
            73.0944166,
            19.2064128
          ],
          [
            73.09392,
            19.2064429
          ],
          [
            73.0930223,
            19.2067555
          ],
          [
            73.092373,
            19.2068156
          ],
          [
            73.0910042,
            19.2064729
          ],
          [
            73.0906413,
            19.2062204
          ],
          [
            73.0903549,
            19.2054689
          ],
          [
            73.0902339,
            19.2046333
          ],
          [
            73.0900556,
            19.2042004
          ],
          [
            73.0892471,
            19.2036713
          ],
          [
            73.0879993,
            19.2032926
          ],
          [
            73.0873691,
            19.2028958
          ],
          [
            73.0866306,
            19.2027455
          ],
          [
            73.0860958,
            19.2030401
          ],
          [
            73.0855292,
            19.203515
          ],
          [
            73.0854337,
            19.2044288
          ],
          [
            73.0856693,
            19.2051383
          ],
          [
            73.0856056,
            19.2056733
          ],
          [
            73.0853318,
            19.2058958
          ],
          [
            73.0847716,
            19.2059619
          ],
          [
            73.0845042,
            19.2057755
          ],
          [
            73.0839249,
            19.2048797
          ],
          [
            73.0835493,
            19.2047475
          ],
          [
            73.0826962,
            19.2038337
          ],
          [
            73.0824988,
            19.2028717
          ],
          [
            73.0820659,
            19.202511
          ],
          [
            73.0811492,
            19.2025591
          ],
          [
            73.0804107,
            19.2022585
          ],
          [
            73.0799332,
            19.2018196
          ],
          [
            73.0794105,
            19.2014736
          ],
          [
            73.0788901,
            19.2013267
          ],
          [
            73.0783349,
            19.2009315
          ],
          [
            73.0778414,
            19.2004122
          ],
          [
            73.0776107,
            19.2003439
          ],
          [
            73.0773442,
            19.2003315
          ],
          [
            73.0771065,
            19.2005364
          ],
          [
            73.0768973,
            19.2008606
          ],
          [
            73.076752,
            19.2013863
          ],
          [
            73.0765352,
            19.2029199
          ],
          [
            73.0766103,
            19.2033429
          ],
          [
            73.0769409,
            19.2038748
          ],
          [
            73.0769241,
            19.2041307
          ],
          [
            73.0763762,
            19.2047051
          ],
          [
            73.0760651,
            19.2049356
          ],
          [
            73.0755883,
            19.2047588
          ],
          [
            73.0753505,
            19.2047547
          ],
          [
            73.0740243,
            19.2054312
          ],
          [
            73.073131,
            19.2054677
          ],
          [
            73.0726339,
            19.2058109
          ],
          [
            73.0721856,
            19.2059971
          ],
          [
            73.0717799,
            19.2059176
          ],
          [
            73.0715305,
            19.2056362
          ],
          [
            73.0712837,
            19.2052005
          ],
          [
            73.070758,
            19.2050182
          ],
          [
            73.0700607,
            19.204775
          ],
          [
            73.069889,
            19.2044305
          ],
          [
            73.0699319,
            19.2040455
          ],
          [
            73.0701358,
            19.2036909
          ],
          [
            73.070243,
            19.2033262
          ],
          [
            73.0701787,
            19.2029817
          ],
          [
            73.0699426,
            19.2026676
          ],
          [
            73.0696959,
            19.2026169
          ],
          [
            73.0694706,
            19.2026575
          ],
          [
            73.0693418,
            19.2028702
          ],
          [
            73.069055,
            19.2029483
          ],
          [
            73.0684283,
            19.2031847
          ],
          [
            73.0680308,
            19.2036146
          ],
          [
            73.0677784,
            19.203951
          ],
          [
            73.0676223,
            19.204125
          ],
          [
            73.0672252,
            19.2045309
          ],
          [
            73.0669677,
            19.2055035
          ],
          [
            73.0668497,
            19.2056859
          ],
          [
            73.0658734,
            19.2061013
          ],
          [
            73.0651487,
            19.2062651
          ]
        ]
      },
      "id": "way/397750087"
    },
    {
      "type": "Feature",
      "properties": {
        "@id": "way/458914486",
        "waterway": "stream"
      },
      "geometry": {
        "type": "LineString",
        "coordinates": [
          [
            73.0779169,
            19.2135818
          ],
          [
            73.0780349,
            19.2128321
          ],
          [
            73.077654,
            19.2115783
          ],
          [
            73.0749839,
            19.2095179
          ],
          [
            73.0729172,
            19.207969
          ],
          [
            73.0709686,
            19.206434
          ],
          [
            73.0707969,
            19.2063504
          ],
          [
            73.0706239,
            19.2062745
          ],
          [
            73.0704415,
            19.2061884
          ],
          [
            73.0703181,
            19.2059959
          ],
          [
            73.0702189,
            19.2059073
          ],
          [
            73.0699761,
            19.2057236
          ],
          [
            73.0693526,
            19.2052816
          ],
          [
            73.0691112,
            19.2050891
          ],
          [
            73.0682046,
            19.2043951
          ],
          [
            73.0678612,
            19.2042127
          ],
          [
            73.0676223,
            19.204125
          ]
        ]
      },
      "id": "way/458914486"
    },
    {
      "type": "Feature",
      "properties": {
        "@id": "way/529672687",
        "waterway": "drain"
      },
      "geometry": {
        "type": "LineString",
        "coordinates": [
          [
            73.1246245,
            19.2304763
          ],
          [
            73.1217867,
            19.2309929
          ],
          [
            73.1213673,
            19.2312283
          ],
          [
            73.1206495,
            19.2316311
          ],
          [
            73.1203169,
            19.2317476
          ],
          [
            73.1197376,
            19.2317064
          ]
        ]
      },
      "id": "way/529672687"
    },
    {
      "type": "Feature",
      "properties": {
        "@id": "way/529672690",
        "waterway": "stream"
      },
      "geometry": {
        "type": "LineString",
        "coordinates": [
          [
            73.1271953,
            19.2355873
          ],
          [
            73.1271136,
            19.2355515
          ],
          [
            73.1266415,
            19.2353134
          ],
          [
            73.126443,
            19.2353083
          ],
          [
            73.1241524,
            19.2350399
          ],
          [
            73.1235892,
            19.2350703
          ],
          [
            73.1233638,
            19.2350044
          ],
          [
            73.1225806,
            19.2343814
          ],
          [
            73.1220871,
            19.2342346
          ],
          [
            73.1216848,
            19.2343511
          ],
          [
            73.1210732,
            19.2347563
          ],
          [
            73.1206012,
            19.2349335
          ],
          [
            73.120172,
            19.2349031
          ],
          [
            73.1193674,
            19.2341788
          ],
          [
            73.1177205,
            19.2329025
          ],
          [
            73.1172484,
            19.2327353
          ],
          [
            73.1169373,
            19.2328164
          ],
          [
            73.1166905,
            19.2330291
          ],
          [
            73.1166315,
            19.2333988
          ],
          [
            73.1165135,
            19.2336369
          ],
          [
            73.1162077,
            19.2338547
          ],
          [
            73.1160414,
            19.2342498
          ],
          [
            73.1160629,
            19.2347917
          ],
          [
            73.1159073,
            19.2350146
          ],
          [
            73.1157951,
            19.2350467
          ],
          [
            73.1154272,
            19.2352729
          ],
          [
            73.1148452,
            19.2358098
          ],
          [
            73.1142811,
            19.2375917
          ]
        ]
      },
      "id": "way/529672690"
    },
    {
      "type": "Feature",
      "properties": {
        "@id": "way/537227991",
        "waterway": "stream"
      },
      "geometry": {
        "type": "LineString",
        "coordinates": [
          [
            73.0773264,
            19.1995333
          ],
          [
            73.0773559,
            19.1997866
          ],
          [
            73.0770716,
            19.2000348
          ],
          [
            73.0771306,
            19.2002577
          ],
          [
            73.0773442,
            19.2003315
          ]
        ]
      },
      "id": "way/537227991"
    },
    {
      "type": "Feature",
      "properties": {
        "@id": "way/537227992",
        "layer": "-1",
        "tunnel": "yes",
        "waterway": "stream"
      },
      "geometry": {
        "type": "LineString",
        "coordinates": [
          [
            73.077254,
            19.1993686
          ],
          [
            73.0773264,
            19.1995333
          ]
        ]
      },
      "id": "way/537227992"
    },
    {
      "type": "Feature",
      "properties": {
        "@id": "way/537227993",
        "waterway": "stream"
      },
      "geometry": {
        "type": "LineString",
        "coordinates": [
          [
            73.0794534,
            19.1957692
          ],
          [
            73.0789626,
            19.1959288
          ],
          [
            73.0786943,
            19.1959414
          ],
          [
            73.0786669,
            19.19607
          ],
          [
            73.0788284,
            19.196177
          ],
          [
            73.0792844,
            19.1967824
          ],
          [
            73.0795044,
            19.1969192
          ],
          [
            73.0794963,
            19.1971573
          ],
          [
            73.079389,
            19.1973853
          ],
          [
            73.0792844,
            19.1978438
          ],
          [
            73.079271,
            19.1979527
          ],
          [
            73.0789947,
            19.1980692
          ],
          [
            73.0788687,
            19.198396
          ],
          [
            73.078689,
            19.1986239
          ],
          [
            73.0787855,
            19.1988595
          ],
          [
            73.0781043,
            19.1989127
          ],
          [
            73.0772674,
            19.1991812
          ],
          [
            73.077254,
            19.1993686
          ]
        ]
      },
      "id": "way/537227993"
    },
    {
      "type": "Feature",
      "properties": {
        "@id": "way/781797889",
        "layer": "-1",
        "tunnel": "culvert",
        "waterway": "stream"
      },
      "geometry": {
        "type": "LineString",
        "coordinates": [
          [
            73.1272344,
            19.2356022
          ],
          [
            73.1271953,
            19.2355873
          ]
        ]
      },
      "id": "way/781797889"
    },
    {
      "type": "Feature",
      "properties": {
        "@id": "way/781797890",
        "waterway": "stream"
      },
      "geometry": {
        "type": "LineString",
        "coordinates": [
          [
            73.1292057,
            19.235597
          ],
          [
            73.1279612,
            19.2357085
          ],
          [
            73.1275481,
            19.2357135
          ],
          [
            73.1272344,
            19.2356022
          ]
        ]
      },
      "id": "way/781797890"
    },
    {
      "type": "Feature",
      "properties": {
        "@id": "way/786204673",
        "waterway": "drain"
      },
      "geometry": {
        "type": "LineString",
        "coordinates": [
          [
            73.0828016,
            19.2319313
          ],
          [
            73.0828051,
            19.2320545
          ]
        ]
      },
      "id": "way/786204673"
    },
    {
      "type": "Feature",
      "properties": {
        "@id": "way/786204674",
        "layer": "-1",
        "tunnel": "culvert",
        "waterway": "drain"
      },
      "geometry": {
        "type": "LineString",
        "coordinates": [
          [
            73.0827083,
            19.2313209
          ],
          [
            73.082734,
            19.2314013
          ]
        ]
      },
      "id": "way/786204674"
    },
    {
      "type": "Feature",
      "properties": {
        "@id": "way/786204685",
        "layer": "-1",
        "tunnel": "culvert",
        "waterway": "drain"
      },
      "geometry": {
        "type": "LineString",
        "coordinates": [
          [
            73.0828079,
            19.2323331
          ],
          [
            73.0828005,
            19.2324342
          ]
        ]
      },
      "id": "way/786204685"
    },
    {
      "type": "Feature",
      "properties": {
        "@id": "way/786204686",
        "waterway": "drain"
      },
      "geometry": {
        "type": "LineString",
        "coordinates": [
          [
            73.0827408,
            19.2299458
          ],
          [
            73.0826556,
            19.2310981
          ],
          [
            73.0826868,
            19.2312614
          ],
          [
            73.0827083,
            19.2313209
          ]
        ]
      },
      "id": "way/786204686"
    },
    {
      "type": "Feature",
      "properties": {
        "@id": "way/786206596",
        "waterway": "drain"
      },
      "geometry": {
        "type": "LineString",
        "coordinates": [
          [
            73.0828411,
            19.229466
          ],
          [
            73.0827609,
            19.2296742
          ],
          [
            73.0827469,
            19.2298638
          ]
        ]
      },
      "id": "way/786206596"
    },
    {
      "type": "Feature",
      "properties": {
        "@id": "way/786206597",
        "layer": "-1",
        "tunnel": "culvert",
        "waterway": "drain"
      },
      "geometry": {
        "type": "LineString",
        "coordinates": [
          [
            73.0828594,
            19.2294184
          ],
          [
            73.0828411,
            19.229466
          ]
        ]
      },
      "id": "way/786206597"
    },
    {
      "type": "Feature",
      "properties": {
        "@id": "way/786206598",
        "layer": "-1",
        "tunnel": "culvert",
        "waterway": "drain"
      },
      "geometry": {
        "type": "LineString",
        "coordinates": [
          [
            73.0827469,
            19.2298638
          ],
          [
            73.0827408,
            19.2299458
          ]
        ]
      },
      "id": "way/786206598"
    },
    {
      "type": "Feature",
      "properties": {
        "@id": "way/786206599",
        "waterway": "drain"
      },
      "geometry": {
        "type": "LineString",
        "coordinates": [
          [
            73.0830637,
            19.2286503
          ],
          [
            73.0830765,
            19.2288546
          ],
          [
            73.0828594,
            19.2294184
          ]
        ]
      },
      "id": "way/786206599"
    },
    {
      "type": "Feature",
      "properties": {
        "@id": "way/786206600",
        "layer": "-1",
        "tunnel": "culvert",
        "waterway": "drain"
      },
      "geometry": {
        "type": "LineString",
        "coordinates": [
          [
            73.0830033,
            19.2285655
          ],
          [
            73.0830637,
            19.2286503
          ]
        ]
      },
      "id": "way/786206600"
    },
    {
      "type": "Feature",
      "properties": {
        "@id": "way/786206601",
        "waterway": "drain"
      },
      "geometry": {
        "type": "LineString",
        "coordinates": [
          [
            73.0837692,
            19.2272462
          ],
          [
            73.083673,
            19.2273793
          ],
          [
            73.0836655,
            19.2275786
          ],
          [
            73.0836776,
            19.2279203
          ]
        ]
      },
      "id": "way/786206601"
    },
    {
      "type": "Feature",
      "properties": {
        "@id": "way/1007837663",
        "waterway": "stream"
      },
      "geometry": {
        "type": "LineString",
        "coordinates": [
          [
            73.0725362,
            19.2125757
          ],
          [
            73.0724823,
            19.2127323
          ],
          [
            73.0724689,
            19.212978
          ],
          [
            73.0725199,
            19.2131806
          ],
          [
            73.0724944,
            19.213344
          ],
          [
            73.0724032,
            19.2134985
          ],
          [
            73.0723697,
            19.2136593
          ],
          [
            73.0723187,
            19.2140722
          ],
          [
            73.0723335,
            19.2142419
          ],
          [
            73.0722758,
            19.2145332
          ],
          [
            73.072367,
            19.2149105
          ],
          [
            73.0724207,
            19.2149105
          ],
          [
            73.0724636,
            19.21506
          ],
          [
            73.0726124,
            19.215084
          ],
          [
            73.0727935,
            19.2154108
          ],
          [
            73.0727465,
            19.2154538
          ],
          [
            73.0725212,
            19.2154386
          ],
          [
            73.0724059,
            19.2156045
          ],
          [
            73.0724354,
            19.215873
          ],
          [
            73.0725293,
            19.2160642
          ],
          [
            73.0724743,
            19.2161415
          ],
          [
            73.0722342,
            19.216182
          ],
          [
            73.0719298,
            19.216201
          ],
          [
            73.0717179,
            19.2162985
          ],
          [
            73.071498,
            19.216472
          ],
          [
            73.0713277,
            19.2165442
          ],
          [
            73.0711184,
            19.2165353
          ],
          [
            73.0709481,
            19.2164327
          ],
          [
            73.0707993,
            19.2161668
          ],
          [
            73.0706745,
            19.2160326
          ],
          [
            73.0703862,
            19.2159262
          ],
          [
            73.0702705,
            19.2160022
          ],
          [
            73.0702588,
            19.2160908
          ],
          [
            73.070295,
            19.216263
          ],
          [
            73.0702735,
            19.2164543
          ],
          [
            73.0702561,
            19.2168608
          ],
          [
            73.070004,
            19.2171495
          ],
          [
            73.0692905,
            19.2173065
          ],
          [
            73.0673081,
            19.2174886
          ]
        ]
      },
      "id": "way/1007837663"
    },
    {
      "type": "Feature",
      "properties": {
        "@id": "way/1007837669",
        "waterway": "drain"
      },
      "geometry": {
        "type": "LineString",
        "coordinates": [
          [
            73.1105429,
            19.2092155
          ],
          [
            73.1089589,
            19.2106998
          ]
        ]
      },
      "id": "way/1007837669"
    },
    {
      "type": "Feature",
      "properties": {
        "@id": "way/1007837670",
        "waterway": "drain"
      },
      "geometry": {
        "type": "LineString",
        "coordinates": [
          [
            73.0985145,
            19.1981097
          ],
          [
            73.0982503,
            19.1982946
          ],
          [
            73.0980746,
            19.198458
          ],
          [
            73.0980062,
            19.1985606
          ],
          [
            73.0980197,
            19.1986898
          ],
          [
            73.0984676,
            19.1990799
          ],
          [
            73.0986916,
            19.1992965
          ],
          [
            73.0986741,
            19.1994054
          ],
          [
            73.0984797,
            19.1996042
          ]
        ]
      },
      "id": "way/1007837670"
    },
    {
      "type": "Feature",
      "properties": {
        "@id": "way/1007846224",
        "waterway": "stream"
      },
      "geometry": {
        "type": "LineString",
        "coordinates": [
          [
            73.1148693,
            19.2349056
          ],
          [
            73.114475,
            19.2347107
          ],
          [
            73.1142604,
            19.2345233
          ],
          [
            73.114078,
            19.2346702
          ],
          [
            73.1137347,
            19.2346955
          ],
          [
            73.1127852,
            19.2345689
          ],
          [
            73.1119281,
            19.2343287
          ]
        ]
      },
      "id": "way/1007846224"
    },
    {
      "type": "Feature",
      "properties": {
        "@id": "way/1007849482",
        "waterway": "drain"
      },
      "geometry": {
        "type": "LineString",
        "coordinates": [
          [
            73.1238319,
            19.2480715
          ],
          [
            73.1231493,
            19.2482146
          ],
          [
            73.1224667,
            19.2483234
          ],
          [
            73.1220321,
            19.2483045
          ],
          [
            73.1217304,
            19.2483678
          ],
          [
            73.1215587,
            19.2483399
          ],
          [
            73.1214635,
            19.2482728
          ],
          [
            73.1210545,
            19.2476499
          ],
          [
            73.1207406,
            19.2478056
          ],
          [
            73.1197965,
            19.2478664
          ],
          [
            73.1185681,
            19.2479398
          ],
          [
            73.1175327,
            19.2479499
          ],
          [
            73.1161703,
            19.2477419
          ]
        ]
      },
      "id": "way/1007849482"
    },
    {
      "type": "Feature",
      "properties": {
        "@id": "way/1008088216",
        "waterway": "stream"
      },
      "geometry": {
        "type": "LineString",
        "coordinates": [
          [
            73.0681962,
            19.2414495
          ],
          [
            73.0685395,
            19.2417787
          ],
          [
            73.0689284,
            19.2417939
          ],
          [
            73.0694783,
            19.24188
          ],
          [
            73.0698296,
            19.2416748
          ],
          [
            73.0701113,
            19.2412823
          ],
          [
            73.0701274,
            19.2408999
          ],
          [
            73.0702829,
            19.2406568
          ],
          [
            73.0704492,
            19.2406277
          ],
          [
            73.0709374,
            19.240843
          ],
          [
            73.0711238,
            19.2408151
          ],
          [
            73.0712458,
            19.2406112
          ],
          [
            73.0712002,
            19.2403631
          ],
          [
            73.071093,
            19.2400035
          ],
          [
            73.0711654,
            19.2397452
          ],
          [
            73.0714014,
            19.2396489
          ],
          [
            73.0715811,
            19.2395856
          ],
          [
            73.0718628,
            19.2391526
          ],
          [
            73.0723228,
            19.2369656
          ]
        ]
      },
      "id": "way/1008088216"
    },
    {
      "type": "Feature",
      "properties": {
        "@id": "way/1008088217",
        "waterway": "stream"
      },
      "geometry": {
        "type": "LineString",
        "coordinates": [
          [
            73.0808025,
            19.267341
          ],
          [
            73.0808508,
            19.267108
          ],
          [
            73.0803412,
            19.2667105
          ],
          [
            73.0802058,
            19.2660534
          ],
          [
            73.0798621,
            19.2650883
          ],
          [
            73.0798329,
            19.2650062
          ],
          [
            73.0797069,
            19.264257
          ],
          [
            73.0794615,
            19.2635936
          ],
          [
            73.0794454,
            19.2632568
          ],
          [
            73.0796814,
            19.2629682
          ],
          [
            73.0798182,
            19.2627327
          ],
          [
            73.079955,
            19.2626213
          ],
          [
            73.0801105,
            19.2625149
          ],
          [
            73.0801937,
            19.2624061
          ],
          [
            73.0801642,
            19.2622921
          ],
          [
            73.0799174,
            19.2620389
          ],
          [
            73.0798799,
            19.2618528
          ],
          [
            73.0800368,
            19.2615262
          ],
          [
            73.0799295,
            19.2613882
          ],
          [
            73.0797002,
            19.2612552
          ],
          [
            73.0793931,
            19.2611894
          ],
          [
            73.0793287,
            19.2610805
          ],
          [
            73.0794413,
            19.2608691
          ],
          [
            73.0794534,
            19.2605475
          ],
          [
            73.0791315,
            19.2602943
          ],
          [
            73.0789921,
            19.2600614
          ],
          [
            73.0790752,
            19.259836
          ],
          [
            73.0792201,
            19.2598183
          ],
          [
            73.0795473,
            19.2599246
          ],
          [
            73.0797297,
            19.2598942
          ],
          [
            73.0797565,
            19.2595372
          ],
          [
            73.0799523,
            19.2588789
          ],
          [
            73.0799469,
            19.2584889
          ],
          [
            73.0797029,
            19.2581395
          ],
          [
            73.0795982,
            19.257866
          ],
          [
            73.0796519,
            19.2576128
          ],
          [
            73.0799577,
            19.2573824
          ],
          [
            73.0803412,
            19.2574685
          ],
          [
            73.0807811,
            19.2576609
          ],
          [
            73.0810761,
            19.2576483
          ],
          [
            73.0811888,
            19.2574811
          ],
          [
            73.0811888,
            19.2568684
          ],
          [
            73.0812907,
            19.2566405
          ],
          [
            73.0814999,
            19.2564835
          ],
          [
            73.0821598,
            19.2564328
          ],
          [
            73.0824441,
            19.2563974
          ],
          [
            73.0827016,
            19.2561087
          ],
          [
            73.082841,
            19.2558099
          ],
          [
            73.0828249,
            19.2554858
          ],
          [
            73.0826479,
            19.2548072
          ],
          [
            73.0825031,
            19.2544274
          ],
          [
            73.0824897,
            19.2540602
          ],
          [
            73.0827793,
            19.2536981
          ],
          [
            73.0833667,
            19.2533613
          ],
          [
            73.0840453,
            19.2529435
          ],
          [
            73.0848259,
            19.2521408
          ],
          [
            73.0851451,
            19.2514267
          ],
          [
            73.0853543,
            19.2512089
          ],
          [
            73.0860516,
            19.2507531
          ],
          [
            73.0866471,
            19.2502366
          ],
          [
            73.0869582,
            19.2495579
          ],
          [
            73.0871969,
            19.2491477
          ],
          [
            73.0880392,
            19.2482513
          ],
          [
            73.0884683,
            19.2479803
          ],
          [
            73.0884898,
            19.2471649
          ],
          [
            73.0882537,
            19.2470738
          ],
          [
            73.0875939,
            19.247251
          ],
          [
            73.0871594,
            19.247246
          ],
          [
            73.0870038,
            19.2471194
          ],
          [
            73.0868429,
            19.2466787
          ],
          [
            73.0872238,
            19.2461976
          ],
          [
            73.0877012,
            19.2458127
          ],
          [
            73.0875778,
            19.2454126
          ],
          [
            73.0870682,
            19.244896
          ],
          [
            73.0864191,
            19.2450581
          ],
          [
            73.0853409,
            19.2452657
          ],
          [
            73.0849492,
            19.2452809
          ],
          [
            73.084504,
            19.2458178
          ],
          [
            73.0837852,
            19.2459494
          ],
          [
            73.0831012,
            19.2467902
          ],
          [
            73.0828196,
            19.2469244
          ],
          [
            73.0825487,
            19.2468763
          ],
          [
            73.0821624,
            19.2466407
          ],
          [
            73.0819532,
            19.246114
          ],
          [
            73.0819827,
            19.2458279
          ],
          [
            73.0822161,
            19.2455595
          ],
          [
            73.0823207,
            19.2448251
          ],
          [
            73.0824871,
            19.2422281
          ]
        ]
      },
      "id": "way/1008088217"
    },
    {
      "type": "Feature",
      "properties": {
        "@id": "way/1120341467",
        "waterway": "stream"
      },
      "geometry": {
        "type": "LineString",
        "coordinates": [
          [
            73.0766639,
            19.2070055
          ],
          [
            73.0765432,
            19.2065825
          ],
          [
            73.0763876,
            19.2065015
          ],
          [
            73.0761784,
            19.2065825
          ],
          [
            73.076055,
            19.2064762
          ],
          [
            73.0760604,
            19.2062735
          ],
          [
            73.0762964,
            19.205772
          ],
          [
            73.0762911,
            19.2056454
          ],
          [
            73.076039,
            19.2054985
          ],
          [
            73.0759585,
            19.2053262
          ],
          [
            73.0760068,
            19.2051084
          ],
          [
            73.0760651,
            19.2049356
          ]
        ]
      },
      "id": "way/1120341467"
    },
    {
      "type": "Feature",
      "properties": {
        "@id": "way/1120341468",
        "waterway": "drain"
      },
      "geometry": {
        "type": "LineString",
        "coordinates": [
          [
            73.0794159,
            19.211937
          ],
          [
            73.0793515,
            19.2117395
          ],
          [
            73.079271,
            19.2116711
          ],
          [
            73.0780345,
            19.2110201
          ],
          [
            73.0778843,
            19.2108504
          ],
          [
            73.0778226,
            19.2107137
          ],
          [
            73.0778629,
            19.2105972
          ],
          [
            73.0780748,
            19.2103996
          ],
          [
            73.0780908,
            19.2102957
          ],
          [
            73.0780292,
            19.210202
          ],
          [
            73.077828,
            19.2100754
          ],
          [
            73.0776429,
            19.2098804
          ],
          [
            73.0776161,
            19.2097005
          ],
          [
            73.0776376,
            19.2094675
          ],
          [
            73.0778575,
            19.2088166
          ],
          [
            73.077895,
            19.2085759
          ],
          [
            73.0778065,
            19.2081555
          ],
          [
            73.0776456,
            19.2078845
          ],
          [
            73.0774015,
            19.2077629
          ],
          [
            73.0767202,
            19.2074716
          ],
          [
            73.0766827,
            19.207388
          ],
          [
            73.0766639,
            19.2070055
          ]
        ]
      },
      "id": "way/1120341468"
    },
    {
      "type": "Feature",
      "properties": {
        "@id": "way/1283899528",
        "waterway": "drain"
      },
      "geometry": {
        "type": "LineString",
        "coordinates": [
          [
            73.1042125,
            19.2209504
          ],
          [
            73.1041431,
            19.2211309
          ],
          [
            73.1042664,
            19.221435
          ],
          [
            73.1042746,
            19.2214551
          ],
          [
            73.1044033,
            19.2221111
          ],
          [
            73.1041639,
            19.2228139
          ],
          [
            73.1037247,
            19.2228057
          ],
          [
            73.1034404,
            19.2227899
          ],
          [
            73.1033117,
            19.2227443
          ],
          [
            73.1032594,
            19.2227911
          ],
          [
            73.1031816,
            19.2232153
          ],
          [
            73.1028128,
            19.2236864
          ],
          [
            73.1028745,
            19.2242993
          ],
          [
            73.1028235,
            19.2244462
          ],
          [
            73.102617,
            19.2246539
          ],
          [
            73.1025901,
            19.2251123
          ],
          [
            73.1023461,
            19.2253149
          ],
          [
            73.1023139,
            19.2253985
          ],
          [
            73.1023434,
            19.225824
          ],
          [
            73.1023139,
            19.2258974
          ],
          [
            73.102161,
            19.2259987
          ],
          [
            73.1020188,
            19.2268142
          ],
          [
            73.1019626,
            19.2272605
          ]
        ]
      },
      "id": "way/1283899528"
    },
    {
      "type": "Feature",
      "properties": {
        "@id": "way/1283899529",
        "layer": "-1",
        "tunnel": "culvert",
        "waterway": "drain"
      },
      "geometry": {
        "type": "LineString",
        "coordinates": [
          [
            73.104353,
            19.2205854
          ],
          [
            73.1042125,
            19.2209504
          ]
        ]
      },
      "id": "way/1283899529"
    },
    {
      "type": "Feature",
      "properties": {
        "@id": "way/1283899534",
        "waterway": "drain"
      },
      "geometry": {
        "type": "LineString",
        "coordinates": [
          [
            73.1057272,
            19.2189195
          ],
          [
            73.1055298,
            19.2194442
          ],
          [
            73.1046259,
            19.2199406
          ],
          [
            73.1045669,
            19.2200292
          ],
          [
            73.104353,
            19.2205854
          ]
        ]
      },
      "id": "way/1283899534"
    },
    {
      "type": "Feature",
      "properties": {
        "@id": "way/1283899535",
        "layer": "-1",
        "tunnel": "culvert",
        "waterway": "drain"
      },
      "geometry": {
        "type": "LineString",
        "coordinates": [
          [
            73.1057528,
            19.2188515
          ],
          [
            73.1057272,
            19.2189195
          ]
        ]
      },
      "id": "way/1283899535"
    },
    {
      "type": "Feature",
      "properties": {
        "@id": "way/1283899536",
        "waterway": "drain"
      },
      "geometry": {
        "type": "LineString",
        "coordinates": [
          [
            73.1072745,
            19.2156933
          ],
          [
            73.1066564,
            19.2162719
          ],
          [
            73.1064552,
            19.216277
          ],
          [
            73.1052911,
            19.2173078
          ],
          [
            73.1056117,
            19.2176257
          ],
          [
            73.1056224,
            19.217713
          ],
          [
            73.1052348,
            19.2181006
          ],
          [
            73.1053501,
            19.2182981
          ],
          [
            73.1054628,
            19.2184247
          ],
          [
            73.1057981,
            19.2185172
          ],
          [
            73.105849,
            19.2185957
          ],
          [
            73.1057799,
            19.2187793
          ]
        ]
      },
      "id": "way/1283899536"
    },
    {
      "type": "Feature",
      "properties": {
        "@id": "way/1283899537",
        "layer": "-1",
        "tunnel": "culvert",
        "waterway": "drain"
      },
      "geometry": {
        "type": "LineString",
        "coordinates": [
          [
            73.107349,
            19.2156236
          ],
          [
            73.1072745,
            19.2156933
          ]
        ]
      },
      "id": "way/1283899537"
    },
    {
      "type": "Feature",
      "properties": {
        "@id": "way/1283899538",
        "waterway": "drain"
      },
      "geometry": {
        "type": "LineString",
        "coordinates": [
          [
            73.1086089,
            19.2126863
          ],
          [
            73.1086493,
            19.2127311
          ],
          [
            73.1083596,
            19.2130223
          ],
          [
            73.1083582,
            19.2131439
          ],
          [
            73.108208,
            19.2134073
          ],
          [
            73.1078446,
            19.2140595
          ],
          [
            73.1073403,
            19.2146345
          ],
          [
            73.1073859,
            19.2148168
          ],
          [
            73.1075281,
            19.2149713
          ],
          [
            73.1074262,
            19.2152195
          ],
          [
            73.1074074,
            19.2153867
          ],
          [
            73.1074221,
            19.2155551
          ],
          [
            73.107349,
            19.2156236
          ]
        ]
      },
      "id": "way/1283899538"
    },
    {
      "type": "Feature",
      "properties": {
        "@id": "way/1283899539",
        "layer": "-1",
        "tunnel": "culvert",
        "waterway": "drain"
      },
      "geometry": {
        "type": "LineString",
        "coordinates": [
          [
            73.1085345,
            19.2126036
          ],
          [
            73.1086089,
            19.2126863
          ]
        ]
      },
      "id": "way/1283899539"
    },
    {
      "type": "Feature",
      "properties": {
        "@id": "way/1314946558",
        "waterway": "drain"
      },
      "geometry": {
        "type": "LineString",
        "coordinates": [
          [
            73.1172726,
            19.2321921
          ],
          [
            73.1172162,
            19.2323858
          ],
          [
            73.1172484,
            19.2327353
          ]
        ]
      },
      "id": "way/1314946558"
    },
    {
      "type": "Feature",
      "properties": {
        "@id": "way/1314946559",
        "waterway": "drain"
      },
      "geometry": {
        "type": "LineString",
        "coordinates": [
          [
            73.1173222,
            19.2318553
          ],
          [
            73.1172726,
            19.2321921
          ]
        ]
      },
      "id": "way/1314946559"
    },
    {
      "type": "Feature",
      "properties": {
        "@id": "way/1314946564",
        "waterway": "drain"
      },
      "geometry": {
        "type": "LineString",
        "coordinates": [
          [
            73.1018475,
            19.2275768
          ],
          [
            73.1016487,
            19.2279197
          ],
          [
            73.101583,
            19.2282552
          ],
          [
            73.1013429,
            19.2283654
          ],
          [
            73.1013013,
            19.228492
          ],
          [
            73.1015106,
            19.22872
          ],
          [
            73.1016567,
            19.2289314
          ],
          [
            73.1016433,
            19.2291062
          ],
          [
            73.1015387,
            19.2292911
          ],
          [
            73.101638,
            19.2297647
          ],
          [
            73.1016326,
            19.2299749
          ],
          [
            73.1020238,
            19.2322187
          ]
        ]
      },
      "id": "way/1314946564"
    },
    {
      "type": "Feature",
      "properties": {
        "@id": "way/1314946565",
        "layer": "-1",
        "tunnel": "culvert",
        "waterway": "drain"
      },
      "geometry": {
        "type": "LineString",
        "coordinates": [
          [
            73.1019626,
            19.2272605
          ],
          [
            73.1018475,
            19.2275768
          ]
        ]
      },
      "id": "way/1314946565"
    },
    {
      "type": "Feature",
      "properties": {
        "@id": "way/1339384838",
        "waterway": "drain"
      },
      "geometry": {
        "type": "LineString",
        "coordinates": [
          [
            73.0827965,
            19.2316327
          ],
          [
            73.082799,
            19.2318378
          ]
        ]
      },
      "id": "way/1339384838"
    },
    {
      "type": "Feature",
      "properties": {
        "@id": "way/1339384839",
        "layer": "-1",
        "tunnel": "culvert",
        "waterway": "drain"
      },
      "geometry": {
        "type": "LineString",
        "coordinates": [
          [
            73.082799,
            19.2318378
          ],
          [
            73.0828016,
            19.2319313
          ]
        ]
      },
      "id": "way/1339384839"
    },
    {
      "type": "Feature",
      "properties": {
        "@id": "way/1339384842",
        "waterway": "drain"
      },
      "geometry": {
        "type": "LineString",
        "coordinates": [
          [
            73.082734,
            19.2314013
          ],
          [
            73.0827955,
            19.2315542
          ]
        ]
      },
      "id": "way/1339384842"
    },
    {
      "type": "Feature",
      "properties": {
        "@id": "way/1339384843",
        "layer": "-1",
        "tunnel": "culvert",
        "waterway": "drain"
      },
      "geometry": {
        "type": "LineString",
        "coordinates": [
          [
            73.0827955,
            19.2315542
          ],
          [
            73.0827965,
            19.2316327
          ]
        ]
      },
      "id": "way/1339384843"
    },
    {
      "type": "Feature",
      "properties": {
        "@id": "way/1340731694",
        "waterway": "drain"
      },
      "geometry": {
        "type": "LineString",
        "coordinates": [
          [
            73.1086081,
            19.2110284
          ],
          [
            73.1081048,
            19.2115394
          ],
          [
            73.1081209,
            19.2116736
          ],
          [
            73.1082952,
            19.2121802
          ],
          [
            73.1084052,
            19.2124601
          ],
          [
            73.1085345,
            19.2126036
          ]
        ]
      },
      "id": "way/1340731694"
    },
    {
      "type": "Feature",
      "properties": {
        "@id": "way/1340731695",
        "layer": "-1",
        "tunnel": "culvert",
        "waterway": "drain"
      },
      "geometry": {
        "type": "LineString",
        "coordinates": [
          [
            73.1089589,
            19.2106998
          ],
          [
            73.1086081,
            19.2110284
          ]
        ]
      },
      "id": "way/1340731695"
    },
    {
      "type": "Feature",
      "properties": {
        "@id": "way/1481374158",
        "layer": "-1",
        "tunnel": "culvert",
        "waterway": "drain"
      },
      "geometry": {
        "type": "LineString",
        "coordinates": [
          [
            73.0829564,
            19.2284908
          ],
          [
            73.0830033,
            19.2285655
          ]
        ]
      },
      "id": "way/1481374158"
    },
    {
      "type": "Feature",
      "properties": {
        "@id": "way/1481374159",
        "layer": "-1",
        "tunnel": "culvert",
        "waterway": "drain"
      },
      "geometry": {
        "type": "LineString",
        "coordinates": [
          [
            73.0829202,
            19.2282351
          ],
          [
            73.0829564,
            19.2284908
          ]
        ]
      },
      "id": "way/1481374159"
    },
    {
      "type": "Feature",
      "properties": {
        "@id": "way/1481374160",
        "waterway": "drain"
      },
      "geometry": {
        "type": "LineString",
        "coordinates": [
          [
            73.0834917,
            19.2279498
          ],
          [
            73.0828933,
            19.2280447
          ],
          [
            73.0829202,
            19.2282351
          ]
        ]
      },
      "id": "way/1481374160"
    },
    {
      "type": "Feature",
      "properties": {
        "@id": "way/1481374161",
        "layer": "-1",
        "tunnel": "culvert",
        "waterway": "drain"
      },
      "geometry": {
        "type": "LineString",
        "coordinates": [
          [
            73.0835954,
            19.2279333
          ],
          [
            73.0834917,
            19.2279498
          ]
        ]
      },
      "id": "way/1481374161"
    },
    {
      "type": "Feature",
      "properties": {
        "@id": "way/1481374162",
        "layer": "-1",
        "tunnel": "culvert",
        "waterway": "drain"
      },
      "geometry": {
        "type": "LineString",
        "coordinates": [
          [
            73.0836776,
            19.2279203
          ],
          [
            73.0835954,
            19.2279333
          ]
        ]
      },
      "id": "way/1481374162"
    },
    {
      "type": "Feature",
      "properties": {
        "@id": "way/1494615359",
        "waterway": "drain"
      },
      "geometry": {
        "type": "LineString",
        "coordinates": [
          [
            73.0828079,
            19.2321544
          ],
          [
            73.0828115,
            19.2322845
          ],
          [
            73.0828079,
            19.2323331
          ]
        ]
      },
      "id": "way/1494615359"
    },
    {
      "type": "Feature",
      "properties": {
        "@id": "way/1494615360",
        "layer": "-1",
        "tunnel": "culvert",
        "waterway": "drain"
      },
      "geometry": {
        "type": "LineString",
        "coordinates": [
          [
            73.0828051,
            19.2320545
          ],
          [
            73.0828079,
            19.2321544
          ]
        ]
      },
      "id": "way/1494615360"
    },
    {
      "type": "Feature",
      "properties": {
        "@id": "way/1496966311",
        "waterway": "drain"
      },
      "geometry": {
        "type": "LineString",
        "coordinates": [
          [
            73.0828005,
            19.2324342
          ],
          [
            73.0826732,
            19.2341528
          ],
          [
            73.0824573,
            19.2346227
          ]
        ]
      },
      "id": "way/1496966311"
    },
    {
      "type": "Feature",
      "properties": {
        "@id": "way/1496966312",
        "layer": "-1",
        "tunnel": "culvert",
        "waterway": "drain"
      },
      "geometry": {
        "type": "LineString",
        "coordinates": [
          [
            73.0824573,
            19.2346227
          ],
          [
            73.0824139,
            19.2347171
          ]
        ]
      },
      "id": "way/1496966312"
    },
    {
      "type": "Feature",
      "properties": {
        "@id": "way/1496975110",
        "waterway": "drain"
      },
      "geometry": {
        "type": "LineString",
        "coordinates": [
          [
            73.0824139,
            19.2347171
          ],
          [
            73.082241,
            19.2350935
          ]
        ]
      },
      "id": "way/1496975110"
    },
    {
      "type": "Feature",
      "properties": {
        "@id": "way/1496975111",
        "layer": "-1",
        "tunnel": "culvert",
        "waterway": "drain"
      },
      "geometry": {
        "type": "LineString",
        "coordinates": [
          [
            73.082241,
            19.2350935
          ],
          [
            73.0821991,
            19.2351845
          ]
        ]
      },
      "id": "way/1496975111"
    },
    {
      "type": "Feature",
      "properties": {
        "@id": "way/1504050703",
        "layer": "-1",
        "tunnel": "culvert",
        "waterway": "drain"
      },
      "geometry": {
        "type": "LineString",
        "coordinates": [
          [
            73.1057799,
            19.2187793
          ],
          [
            73.1057528,
            19.2188515
          ]
        ]
      },
      "id": "way/1504050703"
    },
    {
      "type": "Feature",
      "properties": {
        "@id": "way/1504765148",
        "waterway": "drain"
      },
      "geometry": {
        "type": "LineString",
        "coordinates": [
          [
            73.1195484,
            19.231693
          ],
          [
            73.1193191,
            19.2316767
          ],
          [
            73.1185466,
            19.231854
          ],
          [
            73.1173986,
            19.2318186
          ],
          [
            73.1173222,
            19.2318553
          ]
        ]
      },
      "id": "way/1504765148"
    },
    {
      "type": "Feature",
      "properties": {
        "@id": "way/1504765149",
        "layer": "-1",
        "tunnel": "culvert",
        "waterway": "drain"
      },
      "geometry": {
        "type": "LineString",
        "coordinates": [
          [
            73.1196243,
            19.2316984
          ],
          [
            73.1195484,
            19.231693
          ]
        ]
      },
      "id": "way/1504765149"
    },
    {
      "type": "Feature",
      "properties": {
        "@id": "way/1504765150",
        "layer": "-1",
        "tunnel": "culvert",
        "waterway": "drain"
      },
      "geometry": {
        "type": "LineString",
        "coordinates": [
          [
            73.1196611,
            19.231701
          ],
          [
            73.1196243,
            19.2316984
          ]
        ]
      },
      "id": "way/1504765150"
    },
    {
      "type": "Feature",
      "properties": {
        "@id": "way/1504765151",
        "layer": "-1",
        "tunnel": "culvert",
        "waterway": "drain"
      },
      "geometry": {
        "type": "LineString",
        "coordinates": [
          [
            73.1197376,
            19.2317064
          ],
          [
            73.1196611,
            19.231701
          ]
        ]
      },
      "id": "way/1504765151"
    },
    {
      "type": "Feature",
      "properties": {
        "@id": "way/44363584",
        "boat": "no",
        "intermittent": "no",
        "name": "Ulhas",
        "name:en": "Ulhas",
        "name:hi": "उल्हास",
        "name:mr": "उल्हास",
        "source": "Yahoo",
        "waterway": "river",
        "width": "30",
        "@relations": [
          {
            "role": "main_stream",
            "rel": 11912596,
            "reltags": {
              "name": "Ulhas (fleuve)",
              "type": "waterway",
              "waterway": "river",
              "wikidata": "Q53233",
              "wikipedia": "fr:Ulhas (fleuve)"
            }
          }
        ]
      },
      "geometry": {
        "type": "LineString",
        "coordinates": [
          [
            73.4086125,
            18.774694
          ],
          [
            73.4078841,
            18.774439
          ],
          [
            73.4072774,
            18.7740613
          ],
          [
            73.407139,
            18.7728003
          ],
          [
            73.4073018,
            18.7721511
          ],
          [
            73.405899,
            18.7710048
          ],
          [
            73.4043444,
            18.769939
          ],
          [
            73.4047092,
            18.7695732
          ],
          [
            73.4039159,
            18.7689646
          ],
          [
            73.4021275,
            18.7688535
          ],
          [
            73.4008072,
            18.7690252
          ],
          [
            73.400753,
            18.7687144
          ],
          [
            73.4011443,
            18.7677274
          ],
          [
            73.400451,
            18.7665777
          ],
          [
            73.3999809,
            18.766707
          ],
          [
            73.3995029,
            18.7664838
          ],
          [
            73.399163,
            18.7655548
          ],
          [
            73.398456,
            18.7649444
          ],
          [
            73.3977602,
            18.7646806
          ],
          [
            73.39702,
            18.7649085
          ],
          [
            73.396086,
            18.7646169
          ],
          [
            73.3953453,
            18.7636339
          ],
          [
            73.3949176,
            18.7636526
          ],
          [
            73.3941439,
            18.7642409
          ],
          [
            73.393913,
            18.7638196
          ],
          [
            73.3936152,
            18.7635865
          ],
          [
            73.3932287,
            18.7637065
          ],
          [
            73.3931926,
            18.7643484
          ],
          [
            73.393071,
            18.7646096
          ],
          [
            73.3927795,
            18.7647006
          ],
          [
            73.3918523,
            18.764678
          ],
          [
            73.3909233,
            18.7650148
          ],
          [
            73.3901878,
            18.765214
          ],
          [
            73.389453,
            18.7652383
          ],
          [
            73.3887533,
            18.7652736
          ],
          [
            73.388719,
            18.765212
          ],
          [
            73.3885558,
            18.7649184
          ],
          [
            73.3884373,
            18.7643388
          ],
          [
            73.3882991,
            18.7641332
          ],
          [
            73.3878647,
            18.7640023
          ],
          [
            73.387687,
            18.7637406
          ],
          [
            73.3871736,
            18.7635536
          ],
          [
            73.3865813,
            18.7628805
          ],
          [
            73.3863246,
            18.7627497
          ],
          [
            73.3857617,
            18.7629985
          ],
          [
            73.3852816,
            18.7629248
          ],
          [
            73.3846566,
            18.7628004
          ],
          [
            73.3841416,
            18.7627191
          ],
          [
            73.3834201,
            18.7628182
          ],
          [
            73.382999,
            18.7628664
          ],
          [
            73.3825538,
            18.7628817
          ],
          [
            73.3822158,
            18.7627623
          ],
          [
            73.3809671,
            18.7628744
          ],
          [
            73.3805081,
            18.7633488
          ],
          [
            73.3793599,
            18.7640838
          ],
          [
            73.3790608,
            18.764338
          ],
          [
            73.3781534,
            18.7645071
          ],
          [
            73.3768783,
            18.7639207
          ],
          [
            73.3758641,
            18.7640995
          ],
          [
            73.375692,
            18.7646301
          ],
          [
            73.3755289,
            18.765201
          ],
          [
            73.3751413,
            18.7656091
          ],
          [
            73.3737906,
            18.7655766
          ],
          [
            73.373304,
            18.7660373
          ],
          [
            73.3726495,
            18.7665736
          ],
          [
            73.3722222,
            18.7669028
          ],
          [
            73.3722947,
            18.7674841
          ],
          [
            73.3719959,
            18.7683298
          ],
          [
            73.3717488,
            18.7690673
          ],
          [
            73.3714331,
            18.7695038
          ],
          [
            73.3710415,
            18.7701212
          ],
          [
            73.3710311,
            18.7706769
          ],
          [
            73.3710273,
            18.7708793
          ],
          [
            73.3710373,
            18.7709486
          ],
          [
            73.3710861,
            18.7712861
          ],
          [
            73.3710478,
            18.7714081
          ],
          [
            73.3709278,
            18.7717907
          ],
          [
            73.3709367,
            18.7729873
          ],
          [
            73.37103,
            18.7732633
          ],
          [
            73.3711078,
            18.7734937
          ],
          [
            73.3710037,
            18.7738785
          ],
          [
            73.3707151,
            18.7749448
          ],
          [
            73.3706864,
            18.7757493
          ],
          [
            73.3707215,
            18.775894
          ],
          [
            73.3707705,
            18.7760965
          ],
          [
            73.3708361,
            18.7763671
          ],
          [
            73.3710284,
            18.7770063
          ],
          [
            73.3711389,
            18.7772577
          ],
          [
            73.3713159,
            18.7775046
          ],
          [
            73.3713961,
            18.7779665
          ],
          [
            73.3714028,
            18.7780048
          ],
          [
            73.3714409,
            18.7782291
          ],
          [
            73.3711815,
            18.7785285
          ],
          [
            73.3710228,
            18.7786138
          ],
          [
            73.3707371,
            18.7787672
          ],
          [
            73.3703187,
            18.7790688
          ],
          [
            73.3700722,
            18.7793076
          ],
          [
            73.3700027,
            18.7794218
          ],
          [
            73.3700282,
            18.7804368
          ],
          [
            73.3703723,
            18.7813051
          ],
          [
            73.3705059,
            18.7816371
          ],
          [
            73.3708964,
            18.7826078
          ],
          [
            73.3709317,
            18.7828166
          ],
          [
            73.3709613,
            18.7829917
          ],
          [
            73.3706183,
            18.7833937
          ],
          [
            73.3706046,
            18.7839592
          ],
          [
            73.3706545,
            18.7844186
          ],
          [
            73.3710362,
            18.7846739
          ],
          [
            73.3711861,
            18.7847741
          ],
          [
            73.3713127,
            18.7851277
          ],
          [
            73.3713967,
            18.7853624
          ],
          [
            73.3716756,
            18.7857235
          ],
          [
            73.3722839,
            18.7860681
          ],
          [
            73.3725589,
            18.7861192
          ],
          [
            73.3727705,
            18.7861585
          ],
          [
            73.37312,
            18.7864813
          ],
          [
            73.3733684,
            18.7867108
          ],
          [
            73.3733996,
            18.7870932
          ],
          [
            73.3734515,
            18.7877291
          ],
          [
            73.3735116,
            18.7878448
          ],
          [
            73.3738013,
            18.7884025
          ],
          [
            73.3741805,
            18.7889253
          ],
          [
            73.3747457,
            18.7888365
          ],
          [
            73.375174,
            18.7890993
          ],
          [
            73.3752359,
            18.7891595
          ],
          [
            73.3755871,
            18.7895007
          ],
          [
            73.3759899,
            18.7898321
          ],
          [
            73.3762013,
            18.7902044
          ],
          [
            73.3766986,
            18.7905459
          ],
          [
            73.3769708,
            18.7909496
          ],
          [
            73.3772986,
            18.7914788
          ],
          [
            73.3776258,
            18.7918749
          ],
          [
            73.3780367,
            18.7921525
          ],
          [
            73.3783506,
            18.7923645
          ],
          [
            73.3787642,
            18.7927098
          ],
          [
            73.3787672,
            18.7930475
          ],
          [
            73.3787687,
            18.7932245
          ],
          [
            73.378606,
            18.7935085
          ],
          [
            73.3784375,
            18.7938025
          ],
          [
            73.3781892,
            18.7943111
          ],
          [
            73.3781529,
            18.7943855
          ],
          [
            73.3782194,
            18.7947394
          ],
          [
            73.3784698,
            18.7950103
          ],
          [
            73.3786209,
            18.7951739
          ],
          [
            73.3787051,
            18.7955088
          ],
          [
            73.3788245,
            18.7958946
          ],
          [
            73.3789149,
            18.7966354
          ],
          [
            73.3789393,
            18.7977862
          ],
          [
            73.3791576,
            18.7983161
          ],
          [
            73.3796981,
            18.7985736
          ],
          [
            73.3799687,
            18.7987948
          ],
          [
            73.380215,
            18.7989961
          ],
          [
            73.3806401,
            18.7997342
          ],
          [
            73.3812487,
            18.8004492
          ],
          [
            73.3817226,
            18.8010469
          ],
          [
            73.3817149,
            18.8021359
          ],
          [
            73.3816746,
            18.8038028
          ],
          [
            73.3817639,
            18.8046565
          ],
          [
            73.3816556,
            18.8052937
          ],
          [
            73.3815561,
            18.8058793
          ],
          [
            73.38171,
            18.8071673
          ],
          [
            73.3816459,
            18.8076751
          ],
          [
            73.3810473,
            18.8081123
          ],
          [
            73.3803297,
            18.8082964
          ],
          [
            73.3795629,
            18.8089455
          ],
          [
            73.3791702,
            18.8097875
          ],
          [
            73.3797067,
            18.8108548
          ],
          [
            73.3800087,
            18.8118199
          ],
          [
            73.3801594,
            18.8128573
          ],
          [
            73.3804751,
            18.8136007
          ],
          [
            73.3803992,
            18.8145243
          ],
          [
            73.380142,
            18.8154891
          ],
          [
            73.3796777,
            18.8156379
          ],
          [
            73.3789675,
            18.8164013
          ],
          [
            73.3787837,
            18.817377
          ],
          [
            73.3786,
            18.8181531
          ],
          [
            73.3784342,
            18.8188338
          ],
          [
            73.3779906,
            18.8200994
          ],
          [
            73.3777068,
            18.8215165
          ],
          [
            73.3775056,
            18.8226874
          ],
          [
            73.3769488,
            18.8236278
          ],
          [
            73.3761415,
            18.8252691
          ],
          [
            73.3755313,
            18.8270091
          ],
          [
            73.3754441,
            18.8297065
          ],
          [
            73.3755171,
            18.830974
          ],
          [
            73.3758894,
            18.8320369
          ],
          [
            73.376013,
            18.8331032
          ],
          [
            73.3761324,
            18.8346357
          ],
          [
            73.3761804,
            18.8356557
          ],
          [
            73.3760715,
            18.8363122
          ],
          [
            73.3759693,
            18.837127
          ],
          [
            73.374842,
            18.8384557
          ],
          [
            73.3744646,
            18.8390873
          ],
          [
            73.3748331,
            18.8400791
          ],
          [
            73.3749927,
            18.8411105
          ],
          [
            73.3750281,
            18.8424988
          ],
          [
            73.3747379,
            18.8440214
          ],
          [
            73.3747035,
            18.8442215
          ],
          [
            73.3745142,
            18.8453218
          ],
          [
            73.3744858,
            18.8467898
          ],
          [
            73.3752963,
            18.8489675
          ],
          [
            73.3753465,
            18.8498836
          ],
          [
            73.374951,
            18.8497892
          ],
          [
            73.3746445,
            18.8499285
          ],
          [
            73.3741996,
            18.8504918
          ],
          [
            73.3736897,
            18.851619
          ],
          [
            73.3739472,
            18.8523298
          ],
          [
            73.3749852,
            18.8522825
          ],
          [
            73.375192,
            18.8529234
          ],
          [
            73.3751106,
            18.8537723
          ],
          [
            73.3747458,
            18.8548891
          ],
          [
            73.3744025,
            18.8556607
          ],
          [
            73.3730829,
            18.8572243
          ],
          [
            73.3725893,
            18.8584325
          ],
          [
            73.3725572,
            18.8593767
          ],
          [
            73.3727288,
            18.8612651
          ],
          [
            73.3727074,
            18.8616205
          ],
          [
            73.3716667,
            18.8632348
          ],
          [
            73.3708942,
            18.8641485
          ],
          [
            73.3703577,
            18.8645648
          ],
          [
            73.3699179,
            18.8647069
          ],
          [
            73.3691025,
            18.8646257
          ],
          [
            73.3684266,
            18.864514
          ],
          [
            73.3682227,
            18.8646561
          ],
          [
            73.3678794,
            18.8654074
          ],
          [
            73.3677935,
            18.8663719
          ],
          [
            73.3673859,
            18.867377
          ],
          [
            73.3670425,
            18.8677323
          ],
          [
            73.365798,
            18.868443
          ],
          [
            73.3635664,
            18.8697628
          ],
          [
            73.3629549,
            18.870382
          ],
          [
            73.3628409,
            18.8704722
          ],
          [
            73.3626115,
            18.870981
          ],
          [
            73.3626866,
            18.8724429
          ],
          [
            73.3623218,
            18.8730927
          ],
          [
            73.3619141,
            18.8735495
          ],
          [
            73.3604979,
            18.8741079
          ],
          [
            73.3595002,
            18.8742297
          ],
          [
            73.3582985,
            18.8738947
          ],
          [
            73.3579384,
            18.8735676
          ],
          [
            73.3577084,
            18.8730115
          ],
          [
            73.3576548,
            18.8723414
          ],
          [
            73.3575153,
            18.8716003
          ],
          [
            73.3571505,
            18.8712653
          ],
          [
            73.3565283,
            18.8709404
          ],
          [
            73.3559811,
            18.8708592
          ],
          [
            73.3558631,
            18.8708186
          ],
          [
            73.3557343,
            18.870778
          ],
          [
            73.3556056,
            18.8707374
          ],
          [
            73.3554876,
            18.8707069
          ],
          [
            73.3551013,
            18.8706054
          ],
          [
            73.3549511,
            18.8705445
          ],
          [
            73.3547795,
            18.8704836
          ],
          [
            73.3546507,
            18.8704531
          ],
          [
            73.3536315,
            18.8699557
          ],
          [
            73.3525801,
            18.869712
          ],
          [
            73.3521187,
            18.8698744
          ],
          [
            73.3518612,
            18.8702399
          ],
          [
            73.3516359,
            18.8706663
          ],
          [
            73.3514213,
            18.8707475
          ],
          [
            73.3512175,
            18.8710724
          ],
          [
            73.3511639,
            18.8711841
          ],
          [
            73.3510995,
            18.8714074
          ],
          [
            73.3510136,
            18.8716308
          ],
          [
            73.3509815,
            18.8717323
          ],
          [
            73.35096,
            18.8718643
          ],
          [
            73.3506489,
            18.8728693
          ],
          [
            73.350209,
            18.8739556
          ],
          [
            73.349812,
            18.8744327
          ],
          [
            73.3495653,
            18.8747068
          ],
          [
            73.3494902,
            18.8747881
          ],
          [
            73.3494258,
            18.8748896
          ],
          [
            73.3493507,
            18.8749708
          ],
          [
            73.3491897,
            18.8751738
          ],
          [
            73.3490825,
            18.8753058
          ],
          [
            73.3490074,
            18.875387
          ],
          [
            73.3488035,
            18.875651
          ],
          [
            73.3486104,
            18.8757931
          ],
          [
            73.3484816,
            18.8758743
          ],
          [
            73.3483636,
            18.8759454
          ],
          [
            73.3481598,
            18.8760875
          ],
          [
            73.3480739,
            18.8761687
          ],
          [
            73.3479774,
            18.8762398
          ],
          [
            73.3478916,
            18.876321
          ],
          [
            73.3478057,
            18.8764022
          ],
          [
            73.3477092,
            18.8764834
          ],
          [
            73.3476126,
            18.8765646
          ],
          [
            73.3475268,
            18.8766357
          ],
          [
            73.3474195,
            18.8767169
          ],
          [
            73.3471727,
            18.8769605
          ],
          [
            73.3470762,
            18.8770621
          ],
          [
            73.3469045,
            18.8772448
          ],
          [
            73.3468294,
            18.877326
          ],
          [
            73.3467114,
            18.8774478
          ],
          [
            73.3454347,
            18.8783107
          ],
          [
            73.3445012,
            18.8787879
          ],
          [
            73.3438146,
            18.879001
          ],
          [
            73.3434391,
            18.8792345
          ],
          [
            73.3431065,
            18.8791736
          ],
          [
            73.3427739,
            18.8789503
          ],
          [
            73.3425593,
            18.878331
          ],
          [
            73.3423018,
            18.8780163
          ],
          [
            73.3415294,
            18.877793
          ],
          [
            73.3409071,
            18.8777321
          ],
          [
            73.3404565,
            18.8780569
          ],
          [
            73.3402312,
            18.8784122
          ],
          [
            73.3399629,
            18.8789604
          ],
          [
            73.3399308,
            18.879062
          ],
          [
            73.3398878,
            18.8791736
          ],
          [
            73.3398127,
            18.879397
          ],
          [
            73.3397591,
            18.8795086
          ],
          [
            73.3396625,
            18.8797827
          ],
          [
            73.3396518,
            18.8799045
          ],
          [
            73.3391583,
            18.8805238
          ],
          [
            73.3390617,
            18.8805949
          ],
          [
            73.3388364,
            18.8807065
          ],
          [
            73.3387291,
            18.8807573
          ],
          [
            73.3384931,
            18.8808588
          ],
          [
            73.3382141,
            18.8809908
          ],
          [
            73.3379781,
            18.8811227
          ],
          [
            73.3378601,
            18.8811938
          ],
          [
            73.3377528,
            18.8812649
          ],
          [
            73.337667,
            18.8813258
          ],
          [
            73.3375704,
            18.8813968
          ],
          [
            73.3373451,
            18.8815999
          ],
          [
            73.3369696,
            18.8820059
          ],
          [
            73.3368838,
            18.8821176
          ],
          [
            73.3364868,
            18.8826658
          ],
          [
            73.335886,
            18.8833053
          ],
          [
            73.3354032,
            18.8835388
          ],
          [
            73.3347487,
            18.8836809
          ],
          [
            73.3346414,
            18.883752
          ],
          [
            73.3345342,
            18.8838027
          ],
          [
            73.3344376,
            18.8838738
          ],
          [
            73.334223,
            18.8840057
          ],
          [
            73.3341265,
            18.8840768
          ],
          [
            73.3340514,
            18.884158
          ],
          [
            73.333987,
            18.8842595
          ],
          [
            73.3339226,
            18.884361
          ],
          [
            73.333869,
            18.8844829
          ],
          [
            73.3338153,
            18.8845945
          ],
          [
            73.333708,
            18.884828
          ],
          [
            73.3336651,
            18.8849397
          ],
          [
            73.3336222,
            18.8850412
          ],
          [
            73.3335686,
            18.8851427
          ],
          [
            73.3335042,
            18.8852442
          ],
          [
            73.3333218,
            18.8860462
          ],
          [
            73.3327961,
            18.8873354
          ],
          [
            73.3327532,
            18.887447
          ],
          [
            73.3326781,
            18.8876703
          ],
          [
            73.3326244,
            18.887782
          ],
          [
            73.3325493,
            18.8878734
          ],
          [
            73.3324635,
            18.8879647
          ],
          [
            73.3323777,
            18.8880358
          ],
          [
            73.3322489,
            18.8880764
          ],
          [
            73.3321416,
            18.8881068
          ],
          [
            73.3320022,
            18.8881271
          ],
          [
            73.3318519,
            18.8881576
          ],
          [
            73.3315408,
            18.8882185
          ],
          [
            73.3314013,
            18.888249
          ],
          [
            73.331294,
            18.8882794
          ],
          [
            73.3310902,
            18.8883505
          ],
          [
            73.3309615,
            18.8884317
          ],
          [
            73.3308649,
            18.8885027
          ],
          [
            73.3304465,
            18.8887261
          ],
          [
            73.3300173,
            18.888858
          ],
          [
            73.3298993,
            18.8888783
          ],
          [
            73.3296525,
            18.8889088
          ],
          [
            73.3295238,
            18.8889088
          ],
          [
            73.3293843,
            18.8889392
          ],
          [
            73.329277,
            18.8889595
          ],
          [
            73.329159,
            18.8890001
          ],
          [
            73.3289337,
            18.8891017
          ],
          [
            73.3288264,
            18.8891727
          ],
          [
            73.3287406,
            18.8892438
          ],
          [
            73.3286655,
            18.8893351
          ],
          [
            73.3285689,
            18.8894062
          ],
          [
            73.3283543,
            18.8895381
          ],
          [
            73.3282149,
            18.8896092
          ],
          [
            73.3280969,
            18.8896295
          ],
          [
            73.3279681,
            18.8896295
          ],
          [
            73.3273351,
            18.889528
          ],
          [
            73.3272171,
            18.8894671
          ],
          [
            73.3271098,
            18.889396
          ],
          [
            73.3266914,
            18.8889595
          ],
          [
            73.3266163,
            18.8888682
          ],
          [
            73.3265412,
            18.8887768
          ],
          [
            73.326391,
            18.8885535
          ],
          [
            73.3262944,
            18.8884926
          ],
          [
            73.3261979,
            18.8884215
          ],
          [
            73.3261013,
            18.8883606
          ],
          [
            73.325994,
            18.8883099
          ],
          [
            73.3258653,
            18.8882794
          ],
          [
            73.3257258,
            18.8882693
          ],
          [
            73.3254468,
            18.8882693
          ],
          [
            73.3248366,
            18.8883575
          ],
          [
            73.3246744,
            18.8883809
          ],
          [
            73.3236015,
            18.888858
          ],
          [
            73.3235156,
            18.8889291
          ],
          [
            73.3234191,
            18.88899
          ],
          [
            73.3232903,
            18.8890813
          ],
          [
            73.323183,
            18.8891321
          ],
          [
            73.3224106,
            18.8901269
          ],
          [
            73.3223462,
            18.8902386
          ],
          [
            73.3222926,
            18.8903502
          ],
          [
            73.3222496,
            18.8904619
          ],
          [
            73.3221853,
            18.8906852
          ],
          [
            73.3221638,
            18.8908172
          ],
          [
            73.3221531,
            18.8909593
          ],
          [
            73.3221531,
            18.8912232
          ],
          [
            73.3224535,
            18.8921165
          ],
          [
            73.3228934,
            18.8936188
          ],
          [
            73.3229256,
            18.8949486
          ],
          [
            73.3220136,
            18.8972934
          ],
          [
            73.3214772,
            18.898278
          ],
          [
            73.321445,
            18.8983896
          ],
          [
            73.3214128,
            18.8985013
          ],
          [
            73.3214128,
            18.8986535
          ],
          [
            73.3213913,
            18.8988971
          ],
          [
            73.3213377,
            18.8992118
          ],
          [
            73.321327,
            18.8993438
          ],
          [
            73.3212626,
            18.8998107
          ],
          [
            73.3212304,
            18.8999223
          ],
          [
            73.3212089,
            18.900034
          ],
          [
            73.3211875,
            18.9001456
          ],
          [
            73.3211768,
            18.9002776
          ],
          [
            73.321166,
            18.9003994
          ],
          [
            73.3211446,
            18.9005212
          ],
          [
            73.3211231,
            18.900643
          ],
          [
            73.3211231,
            18.9011404
          ],
          [
            73.3211553,
            18.9021655
          ],
          [
            73.3211875,
            18.9024295
          ],
          [
            73.3212304,
            18.9026934
          ],
          [
            73.3212519,
            18.9028253
          ],
          [
            73.3212626,
            18.9029471
          ],
          [
            73.3212948,
            18.9030588
          ],
          [
            73.3213055,
            18.9031907
          ],
          [
            73.3213377,
            18.9033024
          ],
          [
            73.3213591,
            18.9034242
          ],
          [
            73.3214021,
            18.9036576
          ],
          [
            73.3214235,
            18.9037997
          ],
          [
            73.3214557,
            18.9039418
          ],
          [
            73.3215094,
            18.9041753
          ],
          [
            73.3215308,
            18.9042971
          ],
          [
            73.3215737,
            18.9045407
          ],
          [
            73.3215952,
            18.9046625
          ],
          [
            73.3216059,
            18.9047843
          ],
          [
            73.3216166,
            18.9049365
          ],
          [
            73.3216166,
            18.9050888
          ],
          [
            73.3216381,
            18.9052309
          ],
          [
            73.3216596,
            18.905373
          ],
          [
            73.322314,
            18.9069057
          ],
          [
            73.3224642,
            18.9072406
          ],
          [
            73.3225179,
            18.9073726
          ],
          [
            73.3225715,
            18.9074842
          ],
          [
            73.322711,
            18.9077075
          ],
          [
            73.3228075,
            18.9077786
          ],
          [
            73.3228934,
            18.9078598
          ],
          [
            73.3231509,
            18.9079815
          ],
          [
            73.3232796,
            18.9080526
          ],
          [
            73.3234191,
            18.9080932
          ],
          [
            73.3235478,
            18.9081338
          ],
          [
            73.3239877,
            18.9082759
          ],
          [
            73.3242667,
            18.9083571
          ],
          [
            73.3243954,
            18.9083875
          ],
          [
            73.3245349,
            18.9084078
          ],
          [
            73.3248353,
            18.9084078
          ],
          [
            73.324964,
            18.9083977
          ],
          [
            73.3254039,
            18.9083063
          ],
          [
            73.3255327,
            18.9082556
          ],
          [
            73.3257902,
            18.9082048
          ],
          [
            73.3260476,
            18.9081236
          ],
          [
            73.3261657,
            18.9080627
          ],
          [
            73.3265734,
            18.9079105
          ],
          [
            73.3270454,
            18.9076365
          ],
          [
            73.3271849,
            18.9075857
          ],
          [
            73.3273137,
            18.9075248
          ],
          [
            73.3274317,
            18.9074842
          ],
          [
            73.3275497,
            18.9074436
          ],
          [
            73.3276784,
            18.907403
          ],
          [
            73.3278179,
            18.9073624
          ],
          [
            73.3279681,
            18.9073624
          ],
          [
            73.3283651,
            18.9074436
          ],
          [
            73.328644,
            18.9075147
          ],
          [
            73.3288693,
            18.9076365
          ],
          [
            73.3289766,
            18.9077075
          ],
          [
            73.3290732,
            18.9077989
          ],
          [
            73.3292878,
            18.9079511
          ],
          [
            73.3293843,
            18.9080526
          ],
          [
            73.3294701,
            18.9081338
          ],
          [
            73.3295452,
            18.9082353
          ],
          [
            73.3296311,
            18.9083368
          ],
          [
            73.3297169,
            18.9084484
          ],
          [
            73.3298564,
            18.908692
          ],
          [
            73.32991,
            18.9088037
          ],
          [
            73.3299422,
            18.9089255
          ],
          [
            73.3299744,
            18.9090473
          ],
          [
            73.3299744,
            18.9093112
          ],
          [
            73.3299637,
            18.909433
          ],
          [
            73.3299208,
            18.9095446
          ],
          [
            73.3298778,
            18.9096563
          ],
          [
            73.3298242,
            18.9097476
          ],
          [
            73.3296847,
            18.9099506
          ],
          [
            73.3295882,
            18.9100521
          ],
          [
            73.3292019,
            18.9108438
          ],
          [
            73.3291483,
            18.9109453
          ],
          [
            73.3290946,
            18.9110468
          ],
          [
            73.3289981,
            18.9112904
          ],
          [
            73.3289552,
            18.9114223
          ],
          [
            73.3287191,
            18.9120313
          ],
          [
            73.3287191,
            18.9122039
          ],
          [
            73.3286333,
            18.912691
          ],
          [
            73.3286333,
            18.9130564
          ],
          [
            73.3286548,
            18.9131782
          ],
          [
            73.3286977,
            18.9133
          ],
          [
            73.3287513,
            18.9134218
          ],
          [
            73.3288801,
            18.913635
          ],
          [
            73.3289552,
            18.9137364
          ],
          [
            73.3290732,
            18.9138278
          ],
          [
            73.3291697,
            18.913909
          ],
          [
            73.3292878,
            18.9139902
          ],
          [
            73.3293843,
            18.9140714
          ],
          [
            73.3294916,
            18.9141424
          ],
          [
            73.3296204,
            18.9141932
          ],
          [
            73.330028,
            18.9142236
          ],
          [
            73.3301675,
            18.9142439
          ],
          [
            73.3303285,
            18.9142744
          ],
          [
            73.3304894,
            18.9142947
          ],
          [
            73.3306396,
            18.9143251
          ],
          [
            73.3307791,
            18.9143657
          ],
          [
            73.3310473,
            18.9144469
          ],
          [
            73.3314979,
            18.9146398
          ],
          [
            73.3316159,
            18.9147007
          ],
          [
            73.3317339,
            18.9147514
          ],
          [
            73.3318216,
            18.9148107
          ],
          [
            73.3319592,
            18.9149036
          ],
          [
            73.3320665,
            18.9149645
          ],
          [
            73.3321738,
            18.9150457
          ],
          [
            73.3322704,
            18.9151269
          ],
          [
            73.3323562,
            18.9152081
          ],
          [
            73.3324313,
            18.9152995
          ],
          [
            73.3325279,
            18.9155126
          ],
          [
            73.3325708,
            18.9156243
          ],
          [
            73.3326137,
            18.9157461
          ],
          [
            73.3326459,
            18.9158678
          ],
          [
            73.3326888,
            18.9159896
          ],
          [
            73.3327317,
            18.9161013
          ],
          [
            73.3327639,
            18.9162129
          ],
          [
            73.3327961,
            18.9163347
          ],
          [
            73.3328497,
            18.9165885
          ],
          [
            73.3328819,
            18.9167102
          ],
          [
            73.3329356,
            18.9168625
          ],
          [
            73.3329785,
            18.9170959
          ],
          [
            73.3330428,
            18.9183747
          ],
          [
            73.3330536,
            18.9184965
          ],
          [
            73.3330536,
            18.9190243
          ],
          [
            73.3328497,
            18.9199885
          ],
          [
            73.3327317,
            18.920364
          ],
          [
            73.3326673,
            18.9204655
          ],
          [
            73.3325922,
            18.9205467
          ],
          [
            73.3325279,
            18.920638
          ],
          [
            73.3324528,
            18.9207395
          ],
          [
            73.3323347,
            18.9209425
          ],
          [
            73.3321845,
            18.9211353
          ],
          [
            73.3321202,
            18.9212368
          ],
          [
            73.3320665,
            18.9213383
          ],
          [
            73.3319378,
            18.9215717
          ],
          [
            73.3317876,
            18.9218153
          ],
          [
            73.3317339,
            18.9219777
          ],
          [
            73.3313584,
            18.9233174
          ],
          [
            73.3312833,
            18.9241902
          ],
          [
            73.3313048,
            18.9243221
          ],
          [
            73.3313262,
            18.9244439
          ],
          [
            73.3313584,
            18.924586
          ],
          [
            73.3313906,
            18.9247179
          ],
          [
            73.3314228,
            18.9248296
          ],
          [
            73.3314335,
            18.9249513
          ],
          [
            73.3318412,
            18.9257531
          ],
          [
            73.3318841,
            18.9258647
          ],
          [
            73.3320987,
            18.9262098
          ],
          [
            73.3321845,
            18.9263113
          ],
          [
            73.3323562,
            18.9264838
          ],
          [
            73.3324635,
            18.9265752
          ],
          [
            73.3325815,
            18.9266563
          ],
          [
            73.3326888,
            18.9267274
          ],
          [
            73.3330321,
            18.926971
          ],
          [
            73.3335578,
            18.9273363
          ],
          [
            73.3337295,
            18.9274479
          ],
          [
            73.3338475,
            18.9275291
          ],
          [
            73.3339655,
            18.9276002
          ],
          [
            73.3341265,
            18.9277017
          ],
          [
            73.3352744,
            18.9280264
          ],
          [
            73.3353925,
            18.9280569
          ],
          [
            73.3355319,
            18.928067
          ],
          [
            73.3356821,
            18.9280772
          ],
          [
            73.3358216,
            18.9281076
          ],
          [
            73.3361006,
            18.9281685
          ],
          [
            73.33624,
            18.9281989
          ],
          [
            73.3363902,
            18.9282598
          ],
          [
            73.3365297,
            18.9283106
          ],
          [
            73.3368301,
            18.9284425
          ],
          [
            73.3370769,
            18.9285947
          ],
          [
            73.3372915,
            18.9287571
          ],
          [
            73.3373773,
            18.9288485
          ],
          [
            73.3375382,
            18.9290514
          ],
          [
            73.3376133,
            18.9291428
          ],
          [
            73.3376777,
            18.9292544
          ],
          [
            73.3377421,
            18.929366
          ],
          [
            73.3377957,
            18.9294777
          ],
          [
            73.3378708,
            18.9297111
          ],
          [
            73.3378816,
            18.9298227
          ],
          [
            73.3380854,
            18.930594
          ],
          [
            73.3380639,
            18.9307057
          ],
          [
            73.3380425,
            18.9308173
          ],
          [
            73.3380318,
            18.9311928
          ],
          [
            73.3380103,
            18.9313146
          ],
          [
            73.3379888,
            18.9314262
          ],
          [
            73.3379459,
            18.9315378
          ],
          [
            73.3379137,
            18.9316495
          ],
          [
            73.3378601,
            18.931751
          ],
          [
            73.3378065,
            18.9318524
          ],
          [
            73.3377314,
            18.9319438
          ],
          [
            73.3376455,
            18.932025
          ],
          [
            73.3375597,
            18.932096
          ],
          [
            73.3374524,
            18.932167
          ],
          [
            73.3372807,
            18.9323294
          ],
          [
            73.3370876,
            18.9324918
          ],
          [
            73.3369589,
            18.9325831
          ],
          [
            73.336873,
            18.9326542
          ],
          [
            73.3365297,
            18.9328977
          ],
          [
            73.3356714,
            18.9334965
          ],
          [
            73.3355749,
            18.9335777
          ],
          [
            73.3354139,
            18.9337197
          ],
          [
            73.3352637,
            18.9338517
          ],
          [
            73.3351672,
            18.9339329
          ],
          [
            73.3350706,
            18.934014
          ],
          [
            73.334974,
            18.9340952
          ],
          [
            73.3348775,
            18.9341967
          ],
          [
            73.3347702,
            18.9344301
          ],
          [
            73.3347273,
            18.9345519
          ],
          [
            73.3346736,
            18.9346838
          ],
          [
            73.33462,
            18.9348361
          ],
          [
            73.3345771,
            18.9349477
          ],
          [
            73.3345342,
            18.9350999
          ],
          [
            73.3345234,
            18.9352318
          ],
          [
            73.3341908,
            18.9366018
          ],
          [
            73.3342445,
            18.9379921
          ],
          [
            73.3343947,
            18.9387431
          ],
          [
            73.3344698,
            18.9390069
          ],
          [
            73.3344912,
            18.9391389
          ],
          [
            73.3345127,
            18.9392708
          ],
          [
            73.3345556,
            18.9395346
          ],
          [
            73.3345878,
            18.9396463
          ],
          [
            73.3347058,
            18.9398898
          ],
          [
            73.3347595,
            18.9400217
          ],
          [
            73.3348453,
            18.940174
          ],
          [
            73.3348989,
            18.940316
          ],
          [
            73.3355641,
            18.9410162
          ],
          [
            73.33565,
            18.9410974
          ],
          [
            73.3357465,
            18.9411888
          ],
          [
            73.3358431,
            18.9412598
          ],
          [
            73.3362722,
            18.9415439
          ],
          [
            73.3363688,
            18.9416251
          ],
          [
            73.3364653,
            18.9416962
          ],
          [
            73.3365726,
            18.9417672
          ],
          [
            73.3366907,
            18.9418382
          ],
          [
            73.3367979,
            18.9419296
          ],
          [
            73.3369052,
            18.9420107
          ],
          [
            73.3371198,
            18.9421427
          ],
          [
            73.3372164,
            18.9422238
          ],
          [
            73.3373022,
            18.9423152
          ],
          [
            73.337388,
            18.9424065
          ],
          [
            73.3374524,
            18.9424978
          ],
          [
            73.337506,
            18.9426095
          ],
          [
            73.337549,
            18.9427211
          ],
          [
            73.3375919,
            18.9428429
          ],
          [
            73.3376455,
            18.9430966
          ],
          [
            73.3376777,
            18.9432488
          ],
          [
            73.3377099,
            18.9433604
          ],
          [
            73.3377314,
            18.9434822
          ],
          [
            73.3377528,
            18.9436141
          ],
          [
            73.3377743,
            18.9437663
          ],
          [
            73.3377743,
            18.9438982
          ],
          [
            73.3379459,
            18.944639
          ],
          [
            73.3379888,
            18.9447506
          ],
          [
            73.3380318,
            18.9448623
          ],
          [
            73.3381069,
            18.9449942
          ],
          [
            73.3381498,
            18.9451261
          ],
          [
            73.338182,
            18.9452479
          ],
          [
            73.3382141,
            18.9453798
          ],
          [
            73.3382249,
            18.9455117
          ],
          [
            73.3382249,
            18.9456436
          ],
          [
            73.338182,
            18.9460292
          ],
          [
            73.3381498,
            18.9461612
          ],
          [
            73.3380961,
            18.9462728
          ],
          [
            73.3380103,
            18.9463641
          ],
          [
            73.3379245,
            18.9464453
          ],
          [
            73.3378386,
            18.9465265
          ],
          [
            73.3377635,
            18.9466076
          ],
          [
            73.3376133,
            18.9467802
          ],
          [
            73.3375704,
            18.9468918
          ],
          [
            73.3375704,
            18.9470034
          ],
          [
            73.3376348,
            18.9472469
          ],
          [
            73.3376562,
            18.9473992
          ],
          [
            73.3375597,
            18.9477645
          ],
          [
            73.3374953,
            18.9478659
          ],
          [
            73.3374524,
            18.9479877
          ],
          [
            73.3374095,
            18.9481095
          ],
          [
            73.3373773,
            18.9482211
          ],
          [
            73.33727,
            18.9484849
          ],
          [
            73.3372164,
            18.9486169
          ],
          [
            73.3372164,
            18.9487589
          ],
          [
            73.3372486,
            18.9494895
          ],
          [
            73.3376241,
            18.95021
          ],
          [
            73.3377206,
            18.9502912
          ],
          [
            73.3378386,
            18.9503521
          ],
          [
            73.3379352,
            18.9504332
          ],
          [
            73.338021,
            18.9505144
          ],
          [
            73.3380961,
            18.9505956
          ],
          [
            73.3382249,
            18.9506057
          ],
          [
            73.3383536,
            18.950626
          ],
          [
            73.3384824,
            18.9506666
          ],
          [
            73.3385789,
            18.9507377
          ],
          [
            73.3386755,
            18.950829
          ],
          [
            73.3387613,
            18.9509102
          ],
          [
            73.3389223,
            18.9510421
          ],
          [
            73.3391368,
            18.9511943
          ],
          [
            73.3394587,
            18.9513972
          ],
          [
            73.3395767,
            18.9514683
          ],
          [
            73.3396733,
            18.9515494
          ],
          [
            73.3397806,
            18.9516205
          ],
          [
            73.3399093,
            18.9516814
          ],
          [
            73.3400273,
            18.9517422
          ],
          [
            73.3402741,
            18.9518741
          ],
          [
            73.3403814,
            18.951935
          ],
          [
            73.3404779,
            18.9520061
          ],
          [
            73.3405959,
            18.9520669
          ],
          [
            73.3408427,
            18.9521684
          ],
          [
            73.3409715,
            18.952209
          ],
          [
            73.3411002,
            18.9522496
          ],
          [
            73.341229,
            18.95228
          ],
          [
            73.341347,
            18.9523206
          ],
          [
            73.341465,
            18.9523714
          ],
          [
            73.3416152,
            18.952412
          ],
          [
            73.341862,
            18.9525134
          ],
          [
            73.3421758,
            18.9526707
          ],
          [
            73.342554,
            18.9529371
          ],
          [
            73.3429161,
            18.9531984
          ],
          [
            73.3434927,
            18.9534875
          ],
          [
            73.3439943,
            18.9536474
          ],
          [
            73.3446488,
            18.9537869
          ],
          [
            73.3457699,
            18.9539974
          ],
          [
            73.3465075,
            18.9541294
          ],
          [
            73.3471727,
            18.9543526
          ],
          [
            73.3475617,
            18.9545428
          ],
          [
            73.3481249,
            18.9548878
          ],
          [
            73.3486962,
            18.955314
          ],
          [
            73.3490154,
            18.9556565
          ],
          [
            73.3495143,
            18.9562298
          ],
          [
            73.3498174,
            18.9566078
          ],
          [
            73.3499783,
            18.9569553
          ],
          [
            73.350032,
            18.9572318
          ],
          [
            73.3500373,
            18.9575464
          ],
          [
            73.3500025,
            18.9577518
          ],
          [
            73.34993,
            18.9580334
          ],
          [
            73.349686,
            18.958353
          ],
          [
            73.3474657,
            18.9608443
          ],
          [
            73.3464378,
            18.9616659
          ],
          [
            73.3460677,
            18.9619348
          ],
          [
            73.3456117,
            18.96229
          ],
          [
            73.3452254,
            18.9628734
          ],
          [
            73.3448714,
            18.9636902
          ],
          [
            73.3446461,
            18.9643852
          ],
          [
            73.344512,
            18.9647911
          ],
          [
            73.344453,
            18.9652984
          ],
          [
            73.344453,
            18.9657601
          ],
          [
            73.3445281,
            18.9660695
          ],
          [
            73.3447266,
            18.9665261
          ],
          [
            73.3449626,
            18.9669776
          ],
          [
            73.3451557,
            18.9672617
          ],
          [
            73.3453166,
            18.9674241
          ],
          [
            73.3454615,
            18.9675052
          ],
          [
            73.3456224,
            18.9675205
          ],
          [
            73.3457941,
            18.9674647
          ],
          [
            73.3463412,
            18.9675306
          ],
          [
            73.3467168,
            18.9676879
          ],
          [
            73.3481276,
            18.9680937
          ],
          [
            73.3487874,
            18.968251
          ],
          [
            73.3492058,
            18.9684235
          ],
          [
            73.3494258,
            18.9686315
          ],
          [
            73.3495009,
            18.9690272
          ],
          [
            73.349576,
            18.9694838
          ],
          [
            73.3496028,
            18.9700875
          ],
          [
            73.3496189,
            18.9706607
          ],
          [
            73.3496565,
            18.9711274
          ],
          [
            73.3497101,
            18.9720152
          ],
          [
            73.3497208,
            18.9731363
          ],
          [
            73.3496994,
            18.9743183
          ],
          [
            73.3497101,
            18.9750691
          ],
          [
            73.3497423,
            18.975267
          ],
          [
            73.3498657,
            18.9756373
          ],
          [
            73.3500695,
            18.9763323
          ],
          [
            73.3502197,
            18.9766468
          ],
          [
            73.3507025,
            18.9773722
          ],
          [
            73.3509836,
            18.9777606
          ],
          [
            73.3518881,
            18.9790107
          ],
          [
            73.3520597,
            18.9792492
          ],
          [
            73.3521187,
            18.9793811
          ],
          [
            73.3521402,
            18.9795485
          ],
          [
            73.3521402,
            18.9797361
          ],
          [
            73.3520948,
            18.9799685
          ],
          [
            73.351534,
            18.9824501
          ],
          [
            73.3511639,
            18.9835001
          ],
          [
            73.3508795,
            18.9839516
          ],
          [
            73.350563,
            18.9843777
          ],
          [
            73.3503109,
            18.9847277
          ],
          [
            73.3500856,
            18.9849103
          ],
          [
            73.34993,
            18.9849306
          ],
          [
            73.3497208,
            18.9849052
          ],
          [
            73.349399,
            18.9848038
          ],
          [
            73.3490288,
            18.9846009
          ],
          [
            73.348884,
            18.9845603
          ],
          [
            73.3486748,
            18.9846465
          ],
          [
            73.3483905,
            18.9848038
          ],
          [
            73.3481222,
            18.9850929
          ],
          [
            73.3479881,
            18.9852603
          ],
          [
            73.3478486,
            18.9856915
          ],
          [
            73.3477575,
            18.9859806
          ],
          [
            73.3476394,
            18.9863154
          ],
          [
            73.3475268,
            18.987264
          ],
          [
            73.3474624,
            18.9883495
          ],
          [
            73.3472371,
            18.9896328
          ],
          [
            73.3471566,
            18.990135
          ],
          [
            73.3471513,
            18.9906321
          ],
          [
            73.3471996,
            18.9908756
          ],
          [
            73.3473015,
            18.9910785
          ],
          [
            73.3475429,
            18.9913625
          ],
          [
            73.3476394,
            18.9915401
          ],
          [
            73.3477628,
            18.992022
          ],
          [
            73.3479077,
            18.9928285
          ],
          [
            73.3480042,
            18.9934828
          ],
          [
            73.3477467,
            18.9942183
          ],
          [
            73.3473068,
            18.9951009
          ],
          [
            73.3469742,
            18.9955726
          ],
          [
            73.3465987,
            18.9960849
          ],
          [
            73.3461428,
            18.9965363
          ],
          [
            73.3454937,
            18.9970233
          ],
          [
            73.3437556,
            18.9981696
          ],
          [
            73.3433908,
            18.9985044
          ],
          [
            73.3428866,
            18.9990572
          ],
          [
            73.3424681,
            18.9995188
          ],
          [
            73.3423018,
            18.9999854
          ],
          [
            73.3422267,
            19.0004521
          ],
          [
            73.3421731,
            19.0010455
          ],
          [
            73.342157,
            19.0016136
          ],
          [
            73.3422857,
            19.00242
          ],
          [
            73.3424038,
            19.003612
          ],
          [
            73.3428168,
            19.0051184
          ],
          [
            73.3434759,
            19.0081011
          ],
          [
            73.3422743,
            19.0119963
          ],
          [
            73.3418414,
            19.0156524
          ],
          [
            73.3410569,
            19.0170382
          ],
          [
            73.339785,
            19.0192608
          ],
          [
            73.3394649,
            19.0197588
          ],
          [
            73.3387997,
            19.0208137
          ],
          [
            73.3387568,
            19.0217469
          ],
          [
            73.3385208,
            19.0247897
          ],
          [
            73.3385208,
            19.0253172
          ],
          [
            73.3386924,
            19.0273254
          ],
          [
            73.3394005,
            19.0300842
          ],
          [
            73.3397224,
            19.0312404
          ],
          [
            73.3397224,
            19.033208
          ],
          [
            73.3388856,
            19.0346482
          ],
          [
            73.3381775,
            19.0374272
          ],
          [
            73.3378556,
            19.0419099
          ],
          [
            73.3371689,
            19.0427821
          ],
          [
            73.3365681,
            19.0430863
          ],
          [
            73.3353236,
            19.0430863
          ],
          [
            73.3339932,
            19.0430458
          ],
          [
            73.3322551,
            19.0433703
          ],
          [
            73.3306244,
            19.043492
          ],
          [
            73.3300879,
            19.0432689
          ],
          [
            73.3292511,
            19.0425793
          ],
          [
            73.3286073,
            19.0416057
          ],
          [
            73.328028,
            19.0404698
          ],
          [
            73.3271697,
            19.0391919
          ],
          [
            73.3263972,
            19.0381371
          ],
          [
            73.3254745,
            19.0373461
          ],
          [
            73.324466,
            19.0368998
          ],
          [
            73.3236935,
            19.0367781
          ],
          [
            73.3231018,
            19.0368762
          ],
          [
            73.3224704,
            19.0369809
          ],
          [
            73.3213546,
            19.0378937
          ],
          [
            73.3209684,
            19.0385225
          ],
          [
            73.3206895,
            19.0393136
          ],
          [
            73.3206438,
            19.0394454
          ],
          [
            73.3211634,
            19.0395664
          ],
          [
            73.3216327,
            19.0403498
          ],
          [
            73.321942,
            19.0411797
          ],
          [
            73.3219385,
            19.04179
          ],
          [
            73.3220681,
            19.0426502
          ],
          [
            73.3221424,
            19.0432656
          ],
          [
            73.3222505,
            19.0436188
          ],
          [
            73.3230713,
            19.0451147
          ],
          [
            73.3232749,
            19.0455617
          ],
          [
            73.3244016,
            19.0480354
          ],
          [
            73.3248952,
            19.0493944
          ],
          [
            73.3254138,
            19.0501775
          ],
          [
            73.3266547,
            19.0520513
          ],
          [
            73.3278349,
            19.0531466
          ],
          [
            73.3313754,
            19.05483
          ],
          [
            73.3321478,
            19.0558238
          ],
          [
            73.3324912,
            19.0566756
          ],
          [
            73.3323195,
            19.0579128
          ],
          [
            73.3302167,
            19.0604683
          ],
          [
            73.3288434,
            19.0627195
          ],
          [
            73.3281353,
            19.0642203
          ],
          [
            73.3279636,
            19.0657413
          ],
          [
            73.3274701,
            19.0681141
          ],
          [
            73.3266332,
            19.0694323
          ],
          [
            73.3263328,
            19.0719268
          ],
          [
            73.324466,
            19.0737114
          ],
          [
            73.3212903,
            19.0753338
          ],
          [
            73.3203247,
            19.0757596
          ],
          [
            73.3196166,
            19.0765302
          ],
          [
            73.3190372,
            19.0778687
          ],
          [
            73.3189085,
            19.0788218
          ],
          [
            73.3192732,
            19.0804238
          ],
          [
            73.3198955,
            19.0824922
          ],
          [
            73.320389,
            19.083202
          ],
          [
            73.3212688,
            19.0843173
          ],
          [
            73.3217623,
            19.0849865
          ],
          [
            73.3217838,
            19.085534
          ],
          [
            73.3217623,
            19.0863046
          ],
          [
            73.3217548,
            19.0872982
          ],
          [
            73.3209255,
            19.0883729
          ],
          [
            73.3193833,
            19.0898483
          ],
          [
            73.318585,
            19.0905296
          ],
          [
            73.3159157,
            19.092752
          ],
          [
            73.3149801,
            19.0944229
          ],
          [
            73.313315,
            19.0965722
          ],
          [
            73.310105,
            19.0985107
          ],
          [
            73.3093926,
            19.0995975
          ],
          [
            73.3093239,
            19.1007573
          ],
          [
            73.3093239,
            19.101836
          ],
          [
            73.3089806,
            19.103669
          ],
          [
            73.3060841,
            19.1103102
          ],
          [
            73.3012362,
            19.114443
          ],
          [
            73.3003675,
            19.115186
          ],
          [
            73.2963709,
            19.1177194
          ],
          [
            73.2932849,
            19.1212087
          ],
          [
            73.2900977,
            19.1205395
          ],
          [
            73.2885294,
            19.1177672
          ],
          [
            73.2857976,
            19.1137519
          ],
          [
            73.2823575,
            19.1125091
          ],
          [
            73.2783103,
            19.1127481
          ],
          [
            73.2751737,
            19.1145645
          ],
          [
            73.2724418,
            19.1189144
          ],
          [
            73.266371,
            19.1238854
          ],
          [
            73.2636898,
            19.1266099
          ],
          [
            73.2633862,
            19.1293343
          ],
          [
            73.2641451,
            19.1312461
          ],
          [
            73.2628297,
            19.1344484
          ],
          [
            73.260705,
            19.139897
          ],
          [
            73.2579225,
            19.1437204
          ],
          [
            73.2564393,
            19.1442769
          ],
          [
            73.2554336,
            19.1448657
          ],
          [
            73.2529647,
            19.1501244
          ],
          [
            73.2532682,
            19.1542343
          ],
          [
            73.2548871,
            19.1596344
          ],
          [
            73.2545552,
            19.1628745
          ],
          [
            73.2544318,
            19.1640786
          ],
          [
            73.2528129,
            19.170673
          ],
          [
            73.2504352,
            19.1725844
          ],
          [
            73.2479563,
            19.1742568
          ],
          [
            73.2455786,
            19.1776494
          ],
          [
            73.2456103,
            19.1784324
          ],
          [
            73.2458821,
            19.1851511
          ],
          [
            73.2467845,
            19.1888136
          ],
          [
            73.2480068,
            19.1950536
          ],
          [
            73.2462889,
            19.2025413
          ],
          [
            73.2447032,
            19.2075952
          ],
          [
            73.2451657,
            19.2157374
          ],
          [
            73.243613,
            19.2173596
          ],
          [
            73.2356183,
            19.2192001
          ],
          [
            73.2315892,
            19.2198909
          ],
          [
            73.2277777,
            19.221209
          ],
          [
            73.2266774,
            19.2232337
          ],
          [
            73.2264799,
            19.2256581
          ],
          [
            73.227552,
            19.2278692
          ],
          [
            73.2339567,
            19.2313058
          ],
          [
            73.2370603,
            19.2343694
          ],
          [
            73.236496,
            19.2366071
          ],
          [
            73.230176,
            19.2431336
          ],
          [
            73.2296963,
            19.2472891
          ],
          [
            73.2288612,
            19.2497644
          ],
          [
            73.2245613,
            19.2515777
          ],
          [
            73.2160687,
            19.2569316
          ],
          [
            73.2139526,
            19.2573311
          ],
          [
            73.2102283,
            19.2557862
          ],
          [
            73.2075762,
            19.2562657
          ],
          [
            73.2056576,
            19.2578372
          ],
          [
            73.2028643,
            19.2611666
          ],
          [
            73.2011715,
            19.261726
          ],
          [
            73.1997393,
            19.2615406
          ],
          [
            73.1967677,
            19.2613043
          ],
          [
            73.1950394,
            19.2609031
          ],
          [
            73.1936085,
            19.2602477
          ],
          [
            73.1929639,
            19.2594453
          ],
          [
            73.1926806,
            19.2590441
          ],
          [
            73.1925177,
            19.2585626
          ],
          [
            73.1925035,
            19.2577735
          ],
          [
            73.1926381,
            19.2571583
          ],
          [
            73.1928931,
            19.2565832
          ],
          [
            73.1940548,
            19.2543831
          ],
          [
            73.1944302,
            19.2530323
          ],
          [
            73.1941894,
            19.2517283
          ],
          [
            73.1937219,
            19.2510261
          ],
          [
            73.1933819,
            19.2507921
          ],
          [
            73.1929568,
            19.2506115
          ],
          [
            73.1924893,
            19.2505179
          ],
          [
            73.1920147,
            19.250558
          ],
          [
            73.1909381,
            19.2511197
          ],
          [
            73.1890893,
            19.2518219
          ],
          [
            73.1880622,
            19.2527849
          ],
          [
            73.1868895,
            19.254104
          ],
          [
            73.1850363,
            19.2555887
          ],
          [
            73.1834735,
            19.2564162
          ],
          [
            73.1824417,
            19.2565439
          ],
          [
            73.1818557,
            19.2565723
          ],
          [
            73.1815652,
            19.2565439
          ],
          [
            73.1811395,
            19.2564824
          ],
          [
            73.1804983,
            19.2563169
          ],
          [
            73.1796418,
            19.2559765
          ],
          [
            73.1786301,
            19.255428
          ],
          [
            73.1765665,
            19.2539858
          ],
          [
            73.1752942,
            19.2531393
          ],
          [
            73.1718833,
            19.2515127
          ],
          [
            73.1712187,
            19.251079
          ],
          [
            73.1707964,
            19.2508034
          ],
          [
            73.1701352,
            19.2507608
          ],
          [
            73.1695592,
            19.2507325
          ],
          [
            73.1689257,
            19.2509048
          ],
          [
            73.1686376,
            19.2509831
          ],
          [
            73.1681868,
            19.2512337
          ],
          [
            73.1678362,
            19.25156
          ],
          [
            73.1675307,
            19.252047
          ],
          [
            73.1672001,
            19.2531015
          ],
          [
            73.1667192,
            19.2539952
          ],
          [
            73.165983,
            19.2548024
          ],
          [
            73.1653714,
            19.2551629
          ],
          [
            73.1649382,
            19.2554435
          ],
          [
            73.1624253,
            19.2574673
          ],
          [
            73.1617461,
            19.2580144
          ],
          [
            73.1578445,
            19.259188
          ],
          [
            73.1576247,
            19.2603271
          ],
          [
            73.1561685,
            19.2635434
          ],
          [
            73.1534071,
            19.2659945
          ],
          [
            73.1496567,
            19.268251
          ],
          [
            73.1471717,
            19.2684592
          ],
          [
            73.145365,
            19.2677157
          ],
          [
            73.1415376,
            19.2675188
          ],
          [
            73.1381897,
            19.2704422
          ],
          [
            73.1327493,
            19.280318
          ],
          [
            73.1279366,
            19.2825894
          ],
          [
            73.1230265,
            19.2814219
          ],
          [
            73.114231,
            19.2793305
          ],
          [
            73.1037807,
            19.2719197
          ],
          [
            73.1018854,
            19.2670843
          ],
          [
            73.1042918,
            19.2618497
          ],
          [
            73.113416,
            19.2532837
          ],
          [
            73.1143356,
            19.2515776
          ],
          [
            73.1161703,
            19.2477419
          ],
          [
            73.1163482,
            19.2473699
          ],
          [
            73.1158746,
            19.2425262
          ],
          [
            73.1144539,
            19.2378313
          ],
          [
            73.1142811,
            19.2375917
          ],
          [
            73.1119281,
            19.2343287
          ],
          [
            73.107587,
            19.232242
          ],
          [
            73.1024565,
            19.232093
          ],
          [
            73.1020238,
            19.2322187
          ],
          [
            73.0983521,
            19.2332854
          ],
          [
            73.0925902,
            19.2385765
          ],
          [
            73.0880912,
            19.2414829
          ],
          [
            73.0824871,
            19.2422281
          ],
          [
            73.0777513,
            19.2410358
          ],
          [
            73.0762289,
            19.2398943
          ],
          [
            73.0723228,
            19.2369656
          ],
          [
            73.0697004,
            19.2349994
          ],
          [
            73.0668589,
            19.2314968
          ],
          [
            73.0666221,
            19.2274723
          ],
          [
            73.0674114,
            19.2198704
          ],
          [
            73.0673081,
            19.2174886
          ],
          [
            73.0671033,
            19.212763
          ],
          [
            73.0651487,
            19.2062651
          ],
          [
            73.0628908,
            19.2044701
          ],
          [
            73.0608022,
            19.2033425
          ],
          [
            73.0589204,
            19.2024212
          ],
          [
            73.0542452,
            19.2020906
          ],
          [
            73.0467292,
            19.2008387
          ],
          [
            73.0337205,
            19.1977181
          ],
          [
            73.0285945,
            19.1982498
          ],
          [
            73.0252597,
            19.2000643
          ],
          [
            73.0221594,
            19.2064752
          ],
          [
            73.0163526,
            19.2150581
          ],
          [
            73.0085509,
            19.2213182
          ],
          [
            73.0062561,
            19.2239563
          ],
          [
            73.0048879,
            19.2272691
          ],
          [
            73.0035123,
            19.2305997
          ],
          [
            73.0022151,
            19.2337403
          ],
          [
            73.0015478,
            19.2377054
          ],
          [
            73.0006053,
            19.2432665
          ],
          [
            72.9999817,
            19.2468264
          ],
          [
            72.9992544,
            19.2509776
          ],
          [
            72.996541,
            19.2561494
          ],
          [
            72.9917582,
            19.2652848
          ],
          [
            72.9916883,
            19.2654184
          ],
          [
            72.9915785,
            19.2659918
          ],
          [
            72.9910183,
            19.2689159
          ],
          [
            72.9910183,
            19.2728295
          ],
          [
            72.9910183,
            19.2744861
          ],
          [
            72.9900446,
            19.2795606
          ],
          [
            72.9848384,
            19.2853019
          ],
          [
            72.98115,
            19.2887207
          ],
          [
            72.9809971,
            19.2888624
          ],
          [
            72.9771328,
            19.2916452
          ],
          [
            72.9679379,
            19.2982666
          ],
          [
            72.9623804,
            19.3000488
          ],
          [
            72.9569731,
            19.3000893
          ],
          [
            72.9503641,
            19.2986919
          ],
          [
            72.9479655,
            19.2977112
          ],
          [
            72.9444203,
            19.2962617
          ],
          [
            72.9409013,
            19.2923934
          ],
          [
            72.9388842,
            19.2894365
          ],
          [
            72.9370818,
            19.2882213
          ],
          [
            72.9349425,
            19.287931
          ],
          [
            72.9267184,
            19.2902597
          ],
          [
            72.9088114,
            19.2887603
          ],
          [
            72.905775,
            19.2890112
          ],
          [
            72.902256,
            19.2904897
          ],
          [
            72.8971061,
            19.29292
          ],
          [
            72.8823086,
            19.3102852
          ],
          [
            72.8670119,
            19.3217716
          ],
          [
            72.8610384,
            19.3249434
          ],
          [
            72.854018,
            19.3262728
          ],
          [
            72.8397081,
            19.3258072
          ],
          [
            72.8310002,
            19.324111
          ],
          [
            72.8259515,
            19.322352
          ]
        ]
      },
      "id": "way/44363584"
    }
  ]
}